libelle_departement,code_departement,date,indicateur,valeur
Côtes-d'Armor,22,01/01/2022,Points de recharge pour véhicules électriques,20.0
Côtes-d'Armor,22,01/01/2023,Points de recharge pour véhicules électriques,1120.0
Côtes-d'Armor,22,01/01/2024,Points de recharge pour véhicules électriques,1890.0
Côtes-d'Armor,22,01/01/2025,Points de recharge pour véhicules électriques,2170.0
Finistère,29,01/01/2022,Points de recharge pour véhicules électriques,8.0
Finistère,29,01/01/2023,Points de recharge pour véhicules électriques,1550.0
Finistère,29,01/01/2024,Points de recharge pour véhicules électriques,2598.0
Finistère,29,01/01/2025,Points de recharge pour véhicules électriques,3392.0
Ille-et-Vilaine,35,01/01/2022,Points de recharge pour véhicules électriques,500.0
Ille-et-Vilaine,35,01/01/2023,Points de recharge pour véhicules électriques,1808.0
Ille-et-Vilaine,35,01/01/2024,Points de recharge pour véhicules électriques,1752.0
Ille-et-Vilaine,35,01/01/2025,Points de recharge pour véhicules électriques,3802.0
Morbihan,56,01/01/2022,Points de recharge pour véhicules électriques,0.0
Morbihan,56,01/01/2023,Points de recharge pour véhicules électriques,2022.0
Morbihan,56,01/01/2024,Points de recharge pour véhicules électriques,3076.0
Morbihan,56,01/01/2025,Points de recharge pour véhicules électriques,3530.0
Côtes-d'Armor,22,01/01/2022,Points de recharge pour véhicules électriques pour 1000 habitants,0.0020712300714299
Côtes-d'Armor,22,01/01/2023,Points de recharge pour véhicules électriques pour 1000 habitants,0.7447825952250039
Côtes-d'Armor,22,01/01/2024,Points de recharge pour véhicules électriques pour 1000 habitants,1.1747400623941369
Côtes-d'Armor,22,01/01/2025,Points de recharge pour véhicules électriques pour 1000 habitants,1.237349249680353
Finistère,29,01/01/2022,Points de recharge pour véhicules électriques pour 1000 habitants,0.0009594972234549
Finistère,29,01/01/2023,Points de recharge pour véhicules électriques pour 1000 habitants,0.7887970886453699
Finistère,29,01/01/2024,Points de recharge pour véhicules électriques pour 1000 habitants,1.1804730199261873
Finistère,29,01/01/2025,Points de recharge pour véhicules électriques pour 1000 habitants,1.370921583998017
Ille-et-Vilaine,35,01/01/2022,Points de recharge pour véhicules électriques pour 1000 habitants,0.1676185492508141
Ille-et-Vilaine,35,01/01/2023,Points de recharge pour véhicules électriques pour 1000 habitants,0.4086928358996037
Ille-et-Vilaine,35,01/01/2024,Points de recharge pour véhicules électriques pour 1000 habitants,0.4547182462248961
Ille-et-Vilaine,35,01/01/2025,Points de recharge pour véhicules électriques pour 1000 habitants,0.8892722317036353
Morbihan,56,01/01/2022,Points de recharge pour véhicules électriques pour 1000 habitants,0.0
Morbihan,56,01/01/2023,Points de recharge pour véhicules électriques pour 1000 habitants,1.6393725206751129
Morbihan,56,01/01/2024,Points de recharge pour véhicules électriques pour 1000 habitants,2.0111462849188944
Morbihan,56,01/01/2025,Points de recharge pour véhicules électriques pour 1000 habitants,2.156678198777561
Côtes-d'Armor,22,01/01/2018,Consommation électrique annuelle du territoire (MWh / an) ,380493.75607
Côtes-d'Armor,22,01/01/2019,Consommation électrique annuelle du territoire (MWh / an) ,374726.70371
Côtes-d'Armor,22,01/01/2020,Consommation électrique annuelle du territoire (MWh / an) ,1864210.05657
Côtes-d'Armor,22,01/01/2021,Consommation électrique annuelle du territoire (MWh / an) ,2071746.52497494
Côtes-d'Armor,22,01/01/2022,Consommation électrique annuelle du territoire (MWh / an) ,2029275.01754946
Côtes-d'Armor,22,01/01/2023,Consommation électrique annuelle du territoire (MWh / an) ,1947349.08375
Finistère,29,01/01/2018,Consommation électrique annuelle du territoire (MWh / an) ,823031.26995
Finistère,29,01/01/2019,Consommation électrique annuelle du territoire (MWh / an) ,817907.48087
Finistère,29,01/01/2020,Consommation électrique annuelle du territoire (MWh / an) ,2700566.79998
Finistère,29,01/01/2021,Consommation électrique annuelle du territoire (MWh / an) ,2963958.96912137
Finistère,29,01/01/2022,Consommation électrique annuelle du territoire (MWh / an) ,2922259.44942577
Finistère,29,01/01/2023,Consommation électrique annuelle du territoire (MWh / an) ,2785382.598768
Ille-et-Vilaine,35,01/01/2018,Consommation électrique annuelle du territoire (MWh / an) ,1148658.55009
Ille-et-Vilaine,35,01/01/2019,Consommation électrique annuelle du territoire (MWh / an) ,1174187.09833
Ille-et-Vilaine,35,01/01/2020,Consommation électrique annuelle du territoire (MWh / an) ,3295985.11264
Ille-et-Vilaine,35,01/01/2021,Consommation électrique annuelle du territoire (MWh / an) ,3590380.38067581
Ille-et-Vilaine,35,01/01/2022,Consommation électrique annuelle du territoire (MWh / an) ,3535897.76491948
Ille-et-Vilaine,35,01/01/2023,Consommation électrique annuelle du territoire (MWh / an) ,3415552.321836
Morbihan,56,01/01/2018,Consommation électrique annuelle du territoire (MWh / an) ,445459.01174
Morbihan,56,01/01/2019,Consommation électrique annuelle du territoire (MWh / an) ,429696.60324
Morbihan,56,01/01/2020,Consommation électrique annuelle du territoire (MWh / an) ,2345723.41396
Morbihan,56,01/01/2021,Consommation électrique annuelle du territoire (MWh / an) ,2697416.61873552
Morbihan,56,01/01/2022,Consommation électrique annuelle du territoire (MWh / an) ,2679761.29134941
Morbihan,56,01/01/2023,Consommation électrique annuelle du territoire (MWh / an) ,2583265.646925
Côtes-d'Armor,22,01/01/2010,Part modale des modes actifs et transports en commun dans les déplacements domicile-travail (%),0.0719362323120637
Côtes-d'Armor,22,01/01/2015,Part modale des modes actifs et transports en commun dans les déplacements domicile-travail (%),0.0587944374219491
Côtes-d'Armor,22,01/01/2021,Part modale des modes actifs et transports en commun dans les déplacements domicile-travail (%),0.0592081967281898
Finistère,29,01/01/2010,Part modale des modes actifs et transports en commun dans les déplacements domicile-travail (%),0.0729414996087085
Finistère,29,01/01/2015,Part modale des modes actifs et transports en commun dans les déplacements domicile-travail (%),0.0613903645368061
Finistère,29,01/01/2021,Part modale des modes actifs et transports en commun dans les déplacements domicile-travail (%),0.064848011861768
Ille-et-Vilaine,35,01/01/2010,Part modale des modes actifs et transports en commun dans les déplacements domicile-travail (%),0.0800995862229763
Ille-et-Vilaine,35,01/01/2015,Part modale des modes actifs et transports en commun dans les déplacements domicile-travail (%),0.0708698510745329
Ille-et-Vilaine,35,01/01/2021,Part modale des modes actifs et transports en commun dans les déplacements domicile-travail (%),0.0737040892270789
Morbihan,56,01/01/2010,Part modale des modes actifs et transports en commun dans les déplacements domicile-travail (%),0.0795200200794604
Morbihan,56,01/01/2015,Part modale des modes actifs et transports en commun dans les déplacements domicile-travail (%),0.0634758119059904
Morbihan,56,01/01/2021,Part modale des modes actifs et transports en commun dans les déplacements domicile-travail (%),0.0735665410583765
Côtes-d'Armor,22,O1/01/2010,Artificialisation des espaces NAF (ha),612.813
Côtes-d'Armor,22,O1/01/2011,Artificialisation des espaces NAF (ha),612.8296
Côtes-d'Armor,22,O1/01/2012,Artificialisation des espaces NAF (ha),485.0652
Côtes-d'Armor,22,O1/01/2013,Artificialisation des espaces NAF (ha),474.9223
Côtes-d'Armor,22,O1/01/2014,Artificialisation des espaces NAF (ha),493.8667
Côtes-d'Armor,22,O1/01/2015,Artificialisation des espaces NAF (ha),321.1631
Côtes-d'Armor,22,O1/01/2016,Artificialisation des espaces NAF (ha),360.6848
Côtes-d'Armor,22,O1/01/2017,Artificialisation des espaces NAF (ha),428.4582
Côtes-d'Armor,22,O1/01/2018,Artificialisation des espaces NAF (ha),432.6587
Côtes-d'Armor,22,O1/01/2019,Artificialisation des espaces NAF (ha),401.3513
Côtes-d'Armor,22,O1/01/2020,Artificialisation des espaces NAF (ha),342.4288
Côtes-d'Armor,22,O1/01/2021,Artificialisation des espaces NAF (ha),325.8975
Côtes-d'Armor,22,O1/01/2022,Artificialisation des espaces NAF (ha),259.3297
Côtes-d'Armor,22,O1/01/2023,Artificialisation des espaces NAF (ha),316.2973
Côtes-d'Armor,22,O1/01/2024,Artificialisation des espaces NAF (ha),393.1577
Finistère,29,O1/01/2010,Artificialisation des espaces NAF (ha),553.0692
Finistère,29,O1/01/2011,Artificialisation des espaces NAF (ha),553.0825
Finistère,29,O1/01/2012,Artificialisation des espaces NAF (ha),605.5827
Finistère,29,O1/01/2013,Artificialisation des espaces NAF (ha),586.4865
Finistère,29,O1/01/2014,Artificialisation des espaces NAF (ha),482.9989
Finistère,29,O1/01/2015,Artificialisation des espaces NAF (ha),427.5885
Finistère,29,O1/01/2016,Artificialisation des espaces NAF (ha),359.4978
Finistère,29,O1/01/2017,Artificialisation des espaces NAF (ha),396.4341
Finistère,29,O1/01/2018,Artificialisation des espaces NAF (ha),325.0196
Finistère,29,O1/01/2019,Artificialisation des espaces NAF (ha),409.0695
Finistère,29,O1/01/2020,Artificialisation des espaces NAF (ha),337.50100000000003
Finistère,29,O1/01/2021,Artificialisation des espaces NAF (ha),389.829
Finistère,29,O1/01/2022,Artificialisation des espaces NAF (ha),363.7374
Finistère,29,O1/01/2023,Artificialisation des espaces NAF (ha),389.5622
Finistère,29,O1/01/2024,Artificialisation des espaces NAF (ha),360.4708
Ille-et-Vilaine,35,O1/01/2010,Artificialisation des espaces NAF (ha),672.3132
Ille-et-Vilaine,35,O1/01/2011,Artificialisation des espaces NAF (ha),672.3303
Ille-et-Vilaine,35,O1/01/2012,Artificialisation des espaces NAF (ha),461.3778
Ille-et-Vilaine,35,O1/01/2013,Artificialisation des espaces NAF (ha),614.605
Ille-et-Vilaine,35,O1/01/2014,Artificialisation des espaces NAF (ha),504.3395
Ille-et-Vilaine,35,O1/01/2015,Artificialisation des espaces NAF (ha),586.4675
Ille-et-Vilaine,35,O1/01/2016,Artificialisation des espaces NAF (ha),341.9483
Ille-et-Vilaine,35,O1/01/2017,Artificialisation des espaces NAF (ha),525.0076
Ille-et-Vilaine,35,O1/01/2018,Artificialisation des espaces NAF (ha),496.8911
Ille-et-Vilaine,35,O1/01/2019,Artificialisation des espaces NAF (ha),509.2834
Ille-et-Vilaine,35,O1/01/2020,Artificialisation des espaces NAF (ha),349.3259
Ille-et-Vilaine,35,O1/01/2021,Artificialisation des espaces NAF (ha),551.2929
Ille-et-Vilaine,35,O1/01/2022,Artificialisation des espaces NAF (ha),672.6165
Ille-et-Vilaine,35,O1/01/2023,Artificialisation des espaces NAF (ha),641.2501
Ille-et-Vilaine,35,O1/01/2024,Artificialisation des espaces NAF (ha),433.2379
Morbihan,56,O1/01/2010,Artificialisation des espaces NAF (ha),569.7601
Morbihan,56,O1/01/2011,Artificialisation des espaces NAF (ha),569.7727
Morbihan,56,O1/01/2012,Artificialisation des espaces NAF (ha),644.9037
Morbihan,56,O1/01/2013,Artificialisation des espaces NAF (ha),438.561
Morbihan,56,O1/01/2014,Artificialisation des espaces NAF (ha),422.1609
Morbihan,56,O1/01/2015,Artificialisation des espaces NAF (ha),449.745
Morbihan,56,O1/01/2016,Artificialisation des espaces NAF (ha),377.1692
Morbihan,56,O1/01/2017,Artificialisation des espaces NAF (ha),359.3313
Morbihan,56,O1/01/2018,Artificialisation des espaces NAF (ha),311.7106
Morbihan,56,O1/01/2019,Artificialisation des espaces NAF (ha),340.1216
Morbihan,56,O1/01/2020,Artificialisation des espaces NAF (ha),307.15070000000003
Morbihan,56,O1/01/2021,Artificialisation des espaces NAF (ha),379.6494
Morbihan,56,O1/01/2022,Artificialisation des espaces NAF (ha),296.6261
Morbihan,56,O1/01/2023,Artificialisation des espaces NAF (ha),343.8024
Morbihan,56,O1/01/2024,Artificialisation des espaces NAF (ha),354.4064
Côtes-d'Armor,22,01/01/2022,Linéaire cyclable sécurisé sur le territoire (km),1108.174
Côtes-d'Armor,22,01/01/2023,Linéaire cyclable sécurisé sur le territoire (km),1169.463
Côtes-d'Armor,22,01/01/2024,Linéaire cyclable sécurisé sur le territoire (km),1206.756
Finistère,29,01/01/2022,Linéaire cyclable sécurisé sur le territoire (km),1092.911
Finistère,29,01/01/2023,Linéaire cyclable sécurisé sur le territoire (km),1151.148
Finistère,29,01/01/2024,Linéaire cyclable sécurisé sur le territoire (km),1240.391
Ille-et-Vilaine,35,01/01/2022,Linéaire cyclable sécurisé sur le territoire (km),1685.23
Ille-et-Vilaine,35,01/01/2023,Linéaire cyclable sécurisé sur le territoire (km),1779.323
Ille-et-Vilaine,35,01/01/2024,Linéaire cyclable sécurisé sur le territoire (km),1897.51
Morbihan,56,01/01/2022,Linéaire cyclable sécurisé sur le territoire (km),1674.066
Morbihan,56,01/01/2023,Linéaire cyclable sécurisé sur le territoire (km),1687.71
Morbihan,56,01/01/2024,Linéaire cyclable sécurisé sur le territoire (km),1789.353
Côtes-d'Armor,22,01/01/2022,Linéaire cyclable sécurisé pour 1000 habitants (km/1000hab),1.671716021738595
Côtes-d'Armor,22,01/01/2023,Linéaire cyclable sécurisé pour 1000 habitants (km/1000hab),1.8044115606459128
Côtes-d'Armor,22,01/01/2024,Linéaire cyclable sécurisé pour 1000 habitants (km/1000hab),1.828948381347292
Finistère,29,01/01/2022,Linéaire cyclable sécurisé pour 1000 habitants (km/1000hab),0.9351971622295492
Finistère,29,01/01/2023,Linéaire cyclable sécurisé pour 1000 habitants (km/1000hab),1.0409464434862048
Finistère,29,01/01/2024,Linéaire cyclable sécurisé pour 1000 habitants (km/1000hab),1.1418469106584737
Ille-et-Vilaine,35,01/01/2022,Linéaire cyclable sécurisé pour 1000 habitants (km/1000hab),1.159716119216547
Ille-et-Vilaine,35,01/01/2023,Linéaire cyclable sécurisé pour 1000 habitants (km/1000hab),1.1825648619071385
Ille-et-Vilaine,35,01/01/2024,Linéaire cyclable sécurisé pour 1000 habitants (km/1000hab),1.2631103378492388
Morbihan,56,01/01/2022,Linéaire cyclable sécurisé pour 1000 habitants (km/1000hab),2.359804389415048
Morbihan,56,01/01/2023,Linéaire cyclable sécurisé pour 1000 habitants (km/1000hab),2.3344653183615915
Morbihan,56,01/01/2024,Linéaire cyclable sécurisé pour 1000 habitants (km/1000hab),2.474305044171787
Côtes-d'Armor,22,01/01/2024,Indicateur de fragmentation mesh des milieux naturels (sans unité),0.0867816621286018
Finistère,29,01/01/2024,Indicateur de fragmentation mesh des milieux naturels (sans unité),0.1058892236429786
Ille-et-Vilaine,35,01/01/2024,Indicateur de fragmentation mesh des milieux naturels (sans unité),0.0931402880267479
Morbihan,56,01/01/2024,Indicateur de fragmentation mesh des milieux naturels (sans unité),0.1056947399421328
Côtes-d'Armor,22,01/01/2000,Puissance installée d'électricité par éolien terrestre (kw),0.0
Côtes-d'Armor,22,01/01/2001,Puissance installée d'électricité par éolien terrestre (kw),0.0
Côtes-d'Armor,22,01/01/2002,Puissance installée d'électricité par éolien terrestre (kw),0.0
Côtes-d'Armor,22,01/01/2003,Puissance installée d'électricité par éolien terrestre (kw),0.0
Côtes-d'Armor,22,01/01/2004,Puissance installée d'électricité par éolien terrestre (kw),0.0
Côtes-d'Armor,22,01/01/2005,Puissance installée d'électricité par éolien terrestre (kw),0.0
Côtes-d'Armor,22,01/01/2006,Puissance installée d'électricité par éolien terrestre (kw),0.0
Côtes-d'Armor,22,01/01/2007,Puissance installée d'électricité par éolien terrestre (kw),0.0
Côtes-d'Armor,22,01/01/2008,Puissance installée d'électricité par éolien terrestre (kw),0.0
Côtes-d'Armor,22,01/01/2009,Puissance installée d'électricité par éolien terrestre (kw),0.0
Côtes-d'Armor,22,01/01/2010,Puissance installée d'électricité par éolien terrestre (kw),0.0
Côtes-d'Armor,22,01/01/2011,Puissance installée d'électricité par éolien terrestre (kw),0.0
Côtes-d'Armor,22,01/01/2012,Puissance installée d'électricité par éolien terrestre (kw),0.0
Côtes-d'Armor,22,01/01/2013,Puissance installée d'électricité par éolien terrestre (kw),0.0
Côtes-d'Armor,22,01/01/2014,Puissance installée d'électricité par éolien terrestre (kw),0.0
Côtes-d'Armor,22,01/01/2015,Puissance installée d'électricité par éolien terrestre (kw),0.0
Côtes-d'Armor,22,01/01/2016,Puissance installée d'électricité par éolien terrestre (kw),0.0
Côtes-d'Armor,22,01/01/2017,Puissance installée d'électricité par éolien terrestre (kw),0.0
Côtes-d'Armor,22,01/01/2018,Puissance installée d'électricité par éolien terrestre (kw),0.0
Côtes-d'Armor,22,01/01/2019,Puissance installée d'électricité par éolien terrestre (kw),0.0
Côtes-d'Armor,22,01/01/2020,Puissance installée d'électricité par éolien terrestre (kw),0.0
Côtes-d'Armor,22,01/01/2021,Puissance installée d'électricité par éolien terrestre (kw),0.0
Côtes-d'Armor,22,01/01/2022,Puissance installée d'électricité par éolien terrestre (kw),0.0
Côtes-d'Armor,22,01/01/2023,Puissance installée d'électricité par éolien terrestre (kw),0.0
Côtes-d'Armor,22,01/01/2024,Puissance installée d'électricité par éolien terrestre (kw),0.0
Finistère,29,01/01/2000,Puissance installée d'électricité par éolien terrestre (kw),0.0
Finistère,29,01/01/2001,Puissance installée d'électricité par éolien terrestre (kw),0.0
Finistère,29,01/01/2002,Puissance installée d'électricité par éolien terrestre (kw),0.0
Finistère,29,01/01/2003,Puissance installée d'électricité par éolien terrestre (kw),0.0
Finistère,29,01/01/2004,Puissance installée d'électricité par éolien terrestre (kw),0.0
Finistère,29,01/01/2005,Puissance installée d'électricité par éolien terrestre (kw),0.0
Finistère,29,01/01/2006,Puissance installée d'électricité par éolien terrestre (kw),0.0
Finistère,29,01/01/2007,Puissance installée d'électricité par éolien terrestre (kw),0.0
Finistère,29,01/01/2008,Puissance installée d'électricité par éolien terrestre (kw),0.0
Finistère,29,01/01/2009,Puissance installée d'électricité par éolien terrestre (kw),0.0
Finistère,29,01/01/2010,Puissance installée d'électricité par éolien terrestre (kw),0.0
Finistère,29,01/01/2011,Puissance installée d'électricité par éolien terrestre (kw),0.0
Finistère,29,01/01/2012,Puissance installée d'électricité par éolien terrestre (kw),0.0
Finistère,29,01/01/2013,Puissance installée d'électricité par éolien terrestre (kw),0.0
Finistère,29,01/01/2014,Puissance installée d'électricité par éolien terrestre (kw),0.0
Finistère,29,01/01/2015,Puissance installée d'électricité par éolien terrestre (kw),0.0
Finistère,29,01/01/2016,Puissance installée d'électricité par éolien terrestre (kw),0.0
Finistère,29,01/01/2017,Puissance installée d'électricité par éolien terrestre (kw),0.0
Finistère,29,01/01/2018,Puissance installée d'électricité par éolien terrestre (kw),0.0
Finistère,29,01/01/2019,Puissance installée d'électricité par éolien terrestre (kw),0.0
Finistère,29,01/01/2020,Puissance installée d'électricité par éolien terrestre (kw),0.0
Finistère,29,01/01/2021,Puissance installée d'électricité par éolien terrestre (kw),0.0
Finistère,29,01/01/2022,Puissance installée d'électricité par éolien terrestre (kw),0.0
Finistère,29,01/01/2023,Puissance installée d'électricité par éolien terrestre (kw),0.0
Finistère,29,01/01/2024,Puissance installée d'électricité par éolien terrestre (kw),0.0
Ille-et-Vilaine,35,01/01/2000,Puissance installée d'électricité par éolien terrestre (kw),0.0
Ille-et-Vilaine,35,01/01/2001,Puissance installée d'électricité par éolien terrestre (kw),0.0
Ille-et-Vilaine,35,01/01/2002,Puissance installée d'électricité par éolien terrestre (kw),0.0
Ille-et-Vilaine,35,01/01/2003,Puissance installée d'électricité par éolien terrestre (kw),0.0
Ille-et-Vilaine,35,01/01/2004,Puissance installée d'électricité par éolien terrestre (kw),0.0
Ille-et-Vilaine,35,01/01/2005,Puissance installée d'électricité par éolien terrestre (kw),0.0
Ille-et-Vilaine,35,01/01/2006,Puissance installée d'électricité par éolien terrestre (kw),0.0
Ille-et-Vilaine,35,01/01/2007,Puissance installée d'électricité par éolien terrestre (kw),0.0
Ille-et-Vilaine,35,01/01/2008,Puissance installée d'électricité par éolien terrestre (kw),0.0
Ille-et-Vilaine,35,01/01/2009,Puissance installée d'électricité par éolien terrestre (kw),0.0
Ille-et-Vilaine,35,01/01/2010,Puissance installée d'électricité par éolien terrestre (kw),0.0
Ille-et-Vilaine,35,01/01/2011,Puissance installée d'électricité par éolien terrestre (kw),0.0
Ille-et-Vilaine,35,01/01/2012,Puissance installée d'électricité par éolien terrestre (kw),0.0
Ille-et-Vilaine,35,01/01/2013,Puissance installée d'électricité par éolien terrestre (kw),0.0
Ille-et-Vilaine,35,01/01/2014,Puissance installée d'électricité par éolien terrestre (kw),0.0
Ille-et-Vilaine,35,01/01/2015,Puissance installée d'électricité par éolien terrestre (kw),0.0
Ille-et-Vilaine,35,01/01/2016,Puissance installée d'électricité par éolien terrestre (kw),0.0
Ille-et-Vilaine,35,01/01/2017,Puissance installée d'électricité par éolien terrestre (kw),0.0
Ille-et-Vilaine,35,01/01/2018,Puissance installée d'électricité par éolien terrestre (kw),0.0
Ille-et-Vilaine,35,01/01/2019,Puissance installée d'électricité par éolien terrestre (kw),0.0
Ille-et-Vilaine,35,01/01/2020,Puissance installée d'électricité par éolien terrestre (kw),0.0
Ille-et-Vilaine,35,01/01/2021,Puissance installée d'électricité par éolien terrestre (kw),0.0
Ille-et-Vilaine,35,01/01/2022,Puissance installée d'électricité par éolien terrestre (kw),0.0
Ille-et-Vilaine,35,01/01/2023,Puissance installée d'électricité par éolien terrestre (kw),0.0
Ille-et-Vilaine,35,01/01/2024,Puissance installée d'électricité par éolien terrestre (kw),0.0
Morbihan,56,01/01/2000,Puissance installée d'électricité par éolien terrestre (kw),0.0
Morbihan,56,01/01/2001,Puissance installée d'électricité par éolien terrestre (kw),0.0
Morbihan,56,01/01/2002,Puissance installée d'électricité par éolien terrestre (kw),0.0
Morbihan,56,01/01/2003,Puissance installée d'électricité par éolien terrestre (kw),0.0
Morbihan,56,01/01/2004,Puissance installée d'électricité par éolien terrestre (kw),1800.0
Morbihan,56,01/01/2005,Puissance installée d'électricité par éolien terrestre (kw),19800.0
Morbihan,56,01/01/2006,Puissance installée d'électricité par éolien terrestre (kw),54700.0
Morbihan,56,01/01/2007,Puissance installée d'électricité par éolien terrestre (kw),57700.0
Morbihan,56,01/01/2008,Puissance installée d'électricité par éolien terrestre (kw),79320.0
Morbihan,56,01/01/2009,Puissance installée d'électricité par éolien terrestre (kw),102920.0
Morbihan,56,01/01/2010,Puissance installée d'électricité par éolien terrestre (kw),182920.0
Morbihan,56,01/01/2011,Puissance installée d'électricité par éolien terrestre (kw),182920.0
Morbihan,56,01/01/2012,Puissance installée d'électricité par éolien terrestre (kw),225120.0
Morbihan,56,01/01/2013,Puissance installée d'électricité par éolien terrestre (kw),233320.0
Morbihan,56,01/01/2014,Puissance installée d'électricité par éolien terrestre (kw),259970.0
Morbihan,56,01/01/2015,Puissance installée d'électricité par éolien terrestre (kw),259970.0
Morbihan,56,01/01/2016,Puissance installée d'électricité par éolien terrestre (kw),283970.0
Morbihan,56,01/01/2017,Puissance installée d'électricité par éolien terrestre (kw),309170.0
Morbihan,56,01/01/2018,Puissance installée d'électricité par éolien terrestre (kw),309170.0
Morbihan,56,01/01/2019,Puissance installée d'électricité par éolien terrestre (kw),313170.0
Morbihan,56,01/01/2020,Puissance installée d'électricité par éolien terrestre (kw),313180.0
Morbihan,56,01/01/2021,Puissance installée d'électricité par éolien terrestre (kw),323690.0
Morbihan,56,01/01/2022,Puissance installée d'électricité par éolien terrestre (kw),390500.0
Morbihan,56,01/01/2023,Puissance installée d'électricité par éolien terrestre (kw),390500.0
Morbihan,56,01/01/2024,Puissance installée d'électricité par éolien terrestre (kw),396130.0
Côtes-d'Armor,22,01/01/2000,Puissance installée d'électricité par éolien en mer (kw),0.0
Côtes-d'Armor,22,01/01/2001,Puissance installée d'électricité par éolien en mer (kw),0.0
Côtes-d'Armor,22,01/01/2002,Puissance installée d'électricité par éolien en mer (kw),0.0
Côtes-d'Armor,22,01/01/2003,Puissance installée d'électricité par éolien en mer (kw),0.0
Côtes-d'Armor,22,01/01/2004,Puissance installée d'électricité par éolien en mer (kw),0.0
Côtes-d'Armor,22,01/01/2005,Puissance installée d'électricité par éolien en mer (kw),0.0
Côtes-d'Armor,22,01/01/2006,Puissance installée d'électricité par éolien en mer (kw),0.0
Côtes-d'Armor,22,01/01/2007,Puissance installée d'électricité par éolien en mer (kw),0.0
Côtes-d'Armor,22,01/01/2008,Puissance installée d'électricité par éolien en mer (kw),0.0
Côtes-d'Armor,22,01/01/2009,Puissance installée d'électricité par éolien en mer (kw),0.0
Côtes-d'Armor,22,01/01/2010,Puissance installée d'électricité par éolien en mer (kw),0.0
Côtes-d'Armor,22,01/01/2011,Puissance installée d'électricité par éolien en mer (kw),0.0
Côtes-d'Armor,22,01/01/2012,Puissance installée d'électricité par éolien en mer (kw),0.0
Côtes-d'Armor,22,01/01/2013,Puissance installée d'électricité par éolien en mer (kw),0.0
Côtes-d'Armor,22,01/01/2014,Puissance installée d'électricité par éolien en mer (kw),0.0
Côtes-d'Armor,22,01/01/2015,Puissance installée d'électricité par éolien en mer (kw),0.0
Côtes-d'Armor,22,01/01/2016,Puissance installée d'électricité par éolien en mer (kw),0.0
Côtes-d'Armor,22,01/01/2017,Puissance installée d'électricité par éolien en mer (kw),0.0
Côtes-d'Armor,22,01/01/2018,Puissance installée d'électricité par éolien en mer (kw),0.0
Côtes-d'Armor,22,01/01/2019,Puissance installée d'électricité par éolien en mer (kw),0.0
Côtes-d'Armor,22,01/01/2020,Puissance installée d'électricité par éolien en mer (kw),0.0
Côtes-d'Armor,22,01/01/2021,Puissance installée d'électricité par éolien en mer (kw),0.0
Côtes-d'Armor,22,01/01/2022,Puissance installée d'électricité par éolien en mer (kw),0.0
Côtes-d'Armor,22,01/01/2023,Puissance installée d'électricité par éolien en mer (kw),0.0
Côtes-d'Armor,22,01/01/2024,Puissance installée d'électricité par éolien en mer (kw),0.0
Côtes-d'Armor,22,01/01/2000,Production d'électricité par éolien terrestre (Mwh),0.0
Côtes-d'Armor,22,01/01/2001,Production d'électricité par éolien terrestre (Mwh),0.0
Côtes-d'Armor,22,01/01/2002,Production d'électricité par éolien terrestre (Mwh),0.0
Côtes-d'Armor,22,01/01/2003,Production d'électricité par éolien terrestre (Mwh),6371.0
Côtes-d'Armor,22,01/01/2004,Production d'électricité par éolien terrestre (Mwh),10866.0
Côtes-d'Armor,22,01/01/2005,Production d'électricité par éolien terrestre (Mwh),44213.0
Côtes-d'Armor,22,01/01/2006,Production d'électricité par éolien terrestre (Mwh),74160.0
Côtes-d'Armor,22,01/01/2007,Production d'électricité par éolien terrestre (Mwh),159659.0
Côtes-d'Armor,22,01/01/2008,Production d'électricité par éolien terrestre (Mwh),183984.0
Côtes-d'Armor,22,01/01/2009,Production d'électricité par éolien terrestre (Mwh),232557.0
Côtes-d'Armor,22,01/01/2010,Production d'électricité par éolien terrestre (Mwh),296009.0
Côtes-d'Armor,22,01/01/2011,Production d'électricité par éolien terrestre (Mwh),416701.0
Côtes-d'Armor,22,01/01/2012,Production d'électricité par éolien terrestre (Mwh),434821.0
Côtes-d'Armor,22,01/01/2013,Production d'électricité par éolien terrestre (Mwh),458620.0
Côtes-d'Armor,22,01/01/2014,Production d'électricité par éolien terrestre (Mwh),476112.0
Côtes-d'Armor,22,01/01/2015,Production d'électricité par éolien terrestre (Mwh),506477.0
Côtes-d'Armor,22,01/01/2016,Production d'électricité par éolien terrestre (Mwh),535844.0
Côtes-d'Armor,22,01/01/2017,Production d'électricité par éolien terrestre (Mwh),534968.0
Côtes-d'Armor,22,01/01/2018,Production d'électricité par éolien terrestre (Mwh),583381.0
Côtes-d'Armor,22,01/01/2019,Production d'électricité par éolien terrestre (Mwh),603151.0
Côtes-d'Armor,22,01/01/2020,Production d'électricité par éolien terrestre (Mwh),706137.0
Côtes-d'Armor,22,01/01/2021,Production d'électricité par éolien terrestre (Mwh),628239.0
Côtes-d'Armor,22,01/01/2022,Production d'électricité par éolien terrestre (Mwh),750424.0
Côtes-d'Armor,22,01/01/2023,Production d'électricité par éolien terrestre (Mwh),911334.0
Côtes-d'Armor,22,01/01/2024,Production d'électricité par éolien terrestre (Mwh),840654.0
Finistère,29,01/01/2000,Production d'électricité par éolien terrestre (Mwh),7877.0
Finistère,29,01/01/2001,Production d'électricité par éolien terrestre (Mwh),16842.0
Finistère,29,01/01/2002,Production d'électricité par éolien terrestre (Mwh),21218.0
Finistère,29,01/01/2003,Production d'électricité par éolien terrestre (Mwh),27164.0
Finistère,29,01/01/2004,Production d'électricité par éolien terrestre (Mwh),34771.0
Finistère,29,01/01/2005,Production d'électricité par éolien terrestre (Mwh),69711.0
Finistère,29,01/01/2006,Production d'électricité par éolien terrestre (Mwh),109066.0
Finistère,29,01/01/2007,Production d'électricité par éolien terrestre (Mwh),159728.0
Finistère,29,01/01/2008,Production d'électricité par éolien terrestre (Mwh),208894.0
Finistère,29,01/01/2009,Production d'électricité par éolien terrestre (Mwh),238722.0
Finistère,29,01/01/2010,Production d'électricité par éolien terrestre (Mwh),272930.0
Finistère,29,01/01/2011,Production d'électricité par éolien terrestre (Mwh),275272.0
Finistère,29,01/01/2012,Production d'électricité par éolien terrestre (Mwh),290844.0
Finistère,29,01/01/2013,Production d'électricité par éolien terrestre (Mwh),314268.0
Finistère,29,01/01/2014,Production d'électricité par éolien terrestre (Mwh),314268.0
Finistère,29,01/01/2015,Production d'électricité par éolien terrestre (Mwh),315528.0
Finistère,29,01/01/2016,Production d'électricité par éolien terrestre (Mwh),335256.0
Finistère,29,01/01/2017,Production d'électricité par éolien terrestre (Mwh),325668.0
Finistère,29,01/01/2018,Production d'électricité par éolien terrestre (Mwh),385187.0
Finistère,29,01/01/2019,Production d'électricité par éolien terrestre (Mwh),421615.0
Finistère,29,01/01/2020,Production d'électricité par éolien terrestre (Mwh),479990.0
Finistère,29,01/01/2021,Production d'électricité par éolien terrestre (Mwh),386625.0
Finistère,29,01/01/2022,Production d'électricité par éolien terrestre (Mwh),359197.0
Finistère,29,01/01/2023,Production d'électricité par éolien terrestre (Mwh),398004.0
Finistère,29,01/01/2024,Production d'électricité par éolien terrestre (Mwh),361478.0
Ille-et-Vilaine,35,01/01/2000,Production d'électricité par éolien terrestre (Mwh),30.0
Ille-et-Vilaine,35,01/01/2001,Production d'électricité par éolien terrestre (Mwh),30.0
Ille-et-Vilaine,35,01/01/2002,Production d'électricité par éolien terrestre (Mwh),30.0
Ille-et-Vilaine,35,01/01/2003,Production d'électricité par éolien terrestre (Mwh),30.0
Ille-et-Vilaine,35,01/01/2004,Production d'électricité par éolien terrestre (Mwh),30.0
Ille-et-Vilaine,35,01/01/2005,Production d'électricité par éolien terrestre (Mwh),2101.0
Ille-et-Vilaine,35,01/01/2006,Production d'électricité par éolien terrestre (Mwh),4120.0
Ille-et-Vilaine,35,01/01/2007,Production d'électricité par éolien terrestre (Mwh),8122.0
Ille-et-Vilaine,35,01/01/2008,Production d'électricité par éolien terrestre (Mwh),42254.0
Ille-et-Vilaine,35,01/01/2009,Production d'électricité par éolien terrestre (Mwh),80619.0
Ille-et-Vilaine,35,01/01/2010,Production d'électricité par éolien terrestre (Mwh),97910.0
Ille-et-Vilaine,35,01/01/2011,Production d'électricité par éolien terrestre (Mwh),126168.0
Ille-et-Vilaine,35,01/01/2012,Production d'électricité par éolien terrestre (Mwh),131967.0
Ille-et-Vilaine,35,01/01/2013,Production d'électricité par éolien terrestre (Mwh),143225.0
Ille-et-Vilaine,35,01/01/2014,Production d'électricité par éolien terrestre (Mwh),143385.0
Ille-et-Vilaine,35,01/01/2015,Production d'électricité par éolien terrestre (Mwh),163271.0
Ille-et-Vilaine,35,01/01/2016,Production d'électricité par éolien terrestre (Mwh),172515.0
Ille-et-Vilaine,35,01/01/2017,Production d'électricité par éolien terrestre (Mwh),174281.0
Ille-et-Vilaine,35,01/01/2018,Production d'électricité par éolien terrestre (Mwh),224778.0
Ille-et-Vilaine,35,01/01/2019,Production d'électricité par éolien terrestre (Mwh),279084.0
Ille-et-Vilaine,35,01/01/2020,Production d'électricité par éolien terrestre (Mwh),314823.0
Ille-et-Vilaine,35,01/01/2021,Production d'électricité par éolien terrestre (Mwh),278719.0
Ille-et-Vilaine,35,01/01/2022,Production d'électricité par éolien terrestre (Mwh),278201.0
Ille-et-Vilaine,35,01/01/2023,Production d'électricité par éolien terrestre (Mwh),342035.0
Ille-et-Vilaine,35,01/01/2024,Production d'électricité par éolien terrestre (Mwh),329779.0
Morbihan,56,01/01/2000,Production d'électricité par éolien terrestre (Mwh),0.0
Morbihan,56,01/01/2001,Production d'électricité par éolien terrestre (Mwh),0.0
Morbihan,56,01/01/2002,Production d'électricité par éolien terrestre (Mwh),0.0
Morbihan,56,01/01/2003,Production d'électricité par éolien terrestre (Mwh),0.0
Morbihan,56,01/01/2004,Production d'électricité par éolien terrestre (Mwh),277.0
Morbihan,56,01/01/2005,Production d'électricité par éolien terrestre (Mwh),11476.0
Morbihan,56,01/01/2006,Production d'électricité par éolien terrestre (Mwh),83568.0
Morbihan,56,01/01/2007,Production d'électricité par éolien terrestre (Mwh),99895.0
Morbihan,56,01/01/2008,Production d'électricité par éolien terrestre (Mwh),120021.0
Morbihan,56,01/01/2009,Production d'électricité par éolien terrestre (Mwh),188543.0
Morbihan,56,01/01/2010,Production d'électricité par éolien terrestre (Mwh),289176.0
Morbihan,56,01/01/2011,Production d'électricité par éolien terrestre (Mwh),378389.0
Morbihan,56,01/01/2012,Production d'électricité par éolien terrestre (Mwh),402701.0
Morbihan,56,01/01/2013,Production d'électricité par éolien terrestre (Mwh),457295.0
Morbihan,56,01/01/2014,Production d'électricité par éolien terrestre (Mwh),505242.0
Morbihan,56,01/01/2015,Production d'électricité par éolien terrestre (Mwh),536458.0
Morbihan,56,01/01/2016,Production d'électricité par éolien terrestre (Mwh),571918.0
Morbihan,56,01/01/2017,Production d'électricité par éolien terrestre (Mwh),499069.0
Morbihan,56,01/01/2018,Production d'électricité par éolien terrestre (Mwh),610609.0
Morbihan,56,01/01/2019,Production d'électricité par éolien terrestre (Mwh),633537.0
Morbihan,56,01/01/2020,Production d'électricité par éolien terrestre (Mwh),738930.0
Morbihan,56,01/01/2021,Production d'électricité par éolien terrestre (Mwh),648528.0
Morbihan,56,01/01/2022,Production d'électricité par éolien terrestre (Mwh),634646.0
Morbihan,56,01/01/2023,Production d'électricité par éolien terrestre (Mwh),835403.0
Morbihan,56,01/01/2024,Production d'électricité par éolien terrestre (Mwh),690651.0
Côtes-d'Armor,22,01/01/2000,Production d'électricité par éolien en mer (Mwh),0.0
Côtes-d'Armor,22,01/01/2001,Production d'électricité par éolien en mer (Mwh),0.0
Côtes-d'Armor,22,01/01/2002,Production d'électricité par éolien en mer (Mwh),0.0
Côtes-d'Armor,22,01/01/2003,Production d'électricité par éolien en mer (Mwh),0.0
Côtes-d'Armor,22,01/01/2004,Production d'électricité par éolien en mer (Mwh),0.0
Côtes-d'Armor,22,01/01/2005,Production d'électricité par éolien en mer (Mwh),0.0
Côtes-d'Armor,22,01/01/2006,Production d'électricité par éolien en mer (Mwh),0.0
Côtes-d'Armor,22,01/01/2007,Production d'électricité par éolien en mer (Mwh),0.0
Côtes-d'Armor,22,01/01/2008,Production d'électricité par éolien en mer (Mwh),0.0
Côtes-d'Armor,22,01/01/2009,Production d'électricité par éolien en mer (Mwh),0.0
Côtes-d'Armor,22,01/01/2010,Production d'électricité par éolien en mer (Mwh),0.0
Côtes-d'Armor,22,01/01/2011,Production d'électricité par éolien en mer (Mwh),0.0
Côtes-d'Armor,22,01/01/2012,Production d'électricité par éolien en mer (Mwh),0.0
Côtes-d'Armor,22,01/01/2013,Production d'électricité par éolien en mer (Mwh),0.0
Côtes-d'Armor,22,01/01/2014,Production d'électricité par éolien en mer (Mwh),0.0
Côtes-d'Armor,22,01/01/2015,Production d'électricité par éolien en mer (Mwh),0.0
Côtes-d'Armor,22,01/01/2016,Production d'électricité par éolien en mer (Mwh),0.0
Côtes-d'Armor,22,01/01/2017,Production d'électricité par éolien en mer (Mwh),0.0
Côtes-d'Armor,22,01/01/2018,Production d'électricité par éolien en mer (Mwh),0.0
Côtes-d'Armor,22,01/01/2019,Production d'électricité par éolien en mer (Mwh),0.0
Côtes-d'Armor,22,01/01/2020,Production d'électricité par éolien en mer (Mwh),0.0
Côtes-d'Armor,22,01/01/2021,Production d'électricité par éolien en mer (Mwh),0.0
Côtes-d'Armor,22,01/01/2022,Production d'électricité par éolien en mer (Mwh),0.0
Côtes-d'Armor,22,01/01/2023,Production d'électricité par éolien en mer (Mwh),114603.0
Côtes-d'Armor,22,01/01/2024,Production d'électricité par éolien en mer (Mwh),1203559.0
Côtes-d'Armor,22,01/01/2008,Puissance installée d'électricité par panneaux solaires photovoltaïques (kw),0.0
Côtes-d'Armor,22,01/01/2009,Puissance installée d'électricité par panneaux solaires photovoltaïques (kw),0.0
Côtes-d'Armor,22,01/01/2010,Puissance installée d'électricité par panneaux solaires photovoltaïques (kw),0.0
Côtes-d'Armor,22,01/01/2011,Puissance installée d'électricité par panneaux solaires photovoltaïques (kw),0.0
Côtes-d'Armor,22,01/01/2012,Puissance installée d'électricité par panneaux solaires photovoltaïques (kw),0.0
Côtes-d'Armor,22,01/01/2013,Puissance installée d'électricité par panneaux solaires photovoltaïques (kw),0.0
Côtes-d'Armor,22,01/01/2014,Puissance installée d'électricité par panneaux solaires photovoltaïques (kw),0.0
Côtes-d'Armor,22,01/01/2015,Puissance installée d'électricité par panneaux solaires photovoltaïques (kw),0.0
Côtes-d'Armor,22,01/01/2016,Puissance installée d'électricité par panneaux solaires photovoltaïques (kw),0.0
Côtes-d'Armor,22,01/01/2017,Puissance installée d'électricité par panneaux solaires photovoltaïques (kw),0.0
Côtes-d'Armor,22,01/01/2018,Puissance installée d'électricité par panneaux solaires photovoltaïques (kw),0.0
Côtes-d'Armor,22,01/01/2019,Puissance installée d'électricité par panneaux solaires photovoltaïques (kw),0.0
Côtes-d'Armor,22,01/01/2020,Puissance installée d'électricité par panneaux solaires photovoltaïques (kw),0.0
Côtes-d'Armor,22,01/01/2021,Puissance installée d'électricité par panneaux solaires photovoltaïques (kw),0.0
Côtes-d'Armor,22,01/01/2022,Puissance installée d'électricité par panneaux solaires photovoltaïques (kw),0.0
Côtes-d'Armor,22,01/01/2023,Puissance installée d'électricité par panneaux solaires photovoltaïques (kw),0.0
Côtes-d'Armor,22,01/01/2024,Puissance installée d'électricité par panneaux solaires photovoltaïques (kw),0.0
Finistère,29,01/01/2008,Puissance installée d'électricité par panneaux solaires photovoltaïques (kw),0.0
Finistère,29,01/01/2009,Puissance installée d'électricité par panneaux solaires photovoltaïques (kw),0.0
Finistère,29,01/01/2010,Puissance installée d'électricité par panneaux solaires photovoltaïques (kw),0.0
Finistère,29,01/01/2011,Puissance installée d'électricité par panneaux solaires photovoltaïques (kw),0.0
Finistère,29,01/01/2012,Puissance installée d'électricité par panneaux solaires photovoltaïques (kw),0.0
Finistère,29,01/01/2013,Puissance installée d'électricité par panneaux solaires photovoltaïques (kw),0.0
Finistère,29,01/01/2014,Puissance installée d'électricité par panneaux solaires photovoltaïques (kw),0.0
Finistère,29,01/01/2015,Puissance installée d'électricité par panneaux solaires photovoltaïques (kw),0.0
Finistère,29,01/01/2016,Puissance installée d'électricité par panneaux solaires photovoltaïques (kw),0.0
Finistère,29,01/01/2017,Puissance installée d'électricité par panneaux solaires photovoltaïques (kw),0.0
Finistère,29,01/01/2018,Puissance installée d'électricité par panneaux solaires photovoltaïques (kw),0.0
Finistère,29,01/01/2019,Puissance installée d'électricité par panneaux solaires photovoltaïques (kw),0.0
Finistère,29,01/01/2020,Puissance installée d'électricité par panneaux solaires photovoltaïques (kw),0.0
Finistère,29,01/01/2021,Puissance installée d'électricité par panneaux solaires photovoltaïques (kw),0.0
Finistère,29,01/01/2022,Puissance installée d'électricité par panneaux solaires photovoltaïques (kw),0.0
Finistère,29,01/01/2023,Puissance installée d'électricité par panneaux solaires photovoltaïques (kw),0.0
Finistère,29,01/01/2024,Puissance installée d'électricité par panneaux solaires photovoltaïques (kw),0.0
Ille-et-Vilaine,35,01/01/2008,Puissance installée d'électricité par panneaux solaires photovoltaïques (kw),0.0
Ille-et-Vilaine,35,01/01/2009,Puissance installée d'électricité par panneaux solaires photovoltaïques (kw),0.0
Ille-et-Vilaine,35,01/01/2010,Puissance installée d'électricité par panneaux solaires photovoltaïques (kw),0.0
Ille-et-Vilaine,35,01/01/2011,Puissance installée d'électricité par panneaux solaires photovoltaïques (kw),0.0
Ille-et-Vilaine,35,01/01/2012,Puissance installée d'électricité par panneaux solaires photovoltaïques (kw),0.0
Ille-et-Vilaine,35,01/01/2013,Puissance installée d'électricité par panneaux solaires photovoltaïques (kw),0.0
Ille-et-Vilaine,35,01/01/2014,Puissance installée d'électricité par panneaux solaires photovoltaïques (kw),0.0
Ille-et-Vilaine,35,01/01/2015,Puissance installée d'électricité par panneaux solaires photovoltaïques (kw),0.0
Ille-et-Vilaine,35,01/01/2016,Puissance installée d'électricité par panneaux solaires photovoltaïques (kw),0.0
Ille-et-Vilaine,35,01/01/2017,Puissance installée d'électricité par panneaux solaires photovoltaïques (kw),0.0
Ille-et-Vilaine,35,01/01/2018,Puissance installée d'électricité par panneaux solaires photovoltaïques (kw),0.0
Ille-et-Vilaine,35,01/01/2019,Puissance installée d'électricité par panneaux solaires photovoltaïques (kw),0.0
Ille-et-Vilaine,35,01/01/2020,Puissance installée d'électricité par panneaux solaires photovoltaïques (kw),0.0
Ille-et-Vilaine,35,01/01/2021,Puissance installée d'électricité par panneaux solaires photovoltaïques (kw),0.0
Ille-et-Vilaine,35,01/01/2022,Puissance installée d'électricité par panneaux solaires photovoltaïques (kw),0.0
Ille-et-Vilaine,35,01/01/2023,Puissance installée d'électricité par panneaux solaires photovoltaïques (kw),0.0
Ille-et-Vilaine,35,01/01/2024,Puissance installée d'électricité par panneaux solaires photovoltaïques (kw),0.0
Morbihan,56,01/01/2008,Puissance installée d'électricité par panneaux solaires photovoltaïques (kw),0.0
Morbihan,56,01/01/2009,Puissance installée d'électricité par panneaux solaires photovoltaïques (kw),275.0
Morbihan,56,01/01/2010,Puissance installée d'électricité par panneaux solaires photovoltaïques (kw),7515.0
Morbihan,56,01/01/2011,Puissance installée d'électricité par panneaux solaires photovoltaïques (kw),17164.0
Morbihan,56,01/01/2012,Puissance installée d'électricité par panneaux solaires photovoltaïques (kw),23821.0
Morbihan,56,01/01/2013,Puissance installée d'électricité par panneaux solaires photovoltaïques (kw),26552.0
Morbihan,56,01/01/2014,Puissance installée d'électricité par panneaux solaires photovoltaïques (kw),29267.0
Morbihan,56,01/01/2015,Puissance installée d'électricité par panneaux solaires photovoltaïques (kw),31100.0
Morbihan,56,01/01/2016,Puissance installée d'électricité par panneaux solaires photovoltaïques (kw),32234.0
Morbihan,56,01/01/2017,Puissance installée d'électricité par panneaux solaires photovoltaïques (kw),34933.0
Morbihan,56,01/01/2018,Puissance installée d'électricité par panneaux solaires photovoltaïques (kw),40949.0
Morbihan,56,01/01/2019,Puissance installée d'électricité par panneaux solaires photovoltaïques (kw),45047.0
Morbihan,56,01/01/2020,Puissance installée d'électricité par panneaux solaires photovoltaïques (kw),49583.0
Morbihan,56,01/01/2021,Puissance installée d'électricité par panneaux solaires photovoltaïques (kw),59504.0
Morbihan,56,01/01/2022,Puissance installée d'électricité par panneaux solaires photovoltaïques (kw),87957.0
Morbihan,56,01/01/2023,Puissance installée d'électricité par panneaux solaires photovoltaïques (kw),119192.0
Morbihan,56,01/01/2024,Puissance installée d'électricité par panneaux solaires photovoltaïques (kw),187864.0
Côtes-d'Armor,22,01/01/2008,Production d'électricité par panneaux solaires photovoltaïques (Mwh),11.0
Côtes-d'Armor,22,01/01/2009,Production d'électricité par panneaux solaires photovoltaïques (Mwh),351.0
Côtes-d'Armor,22,01/01/2010,Production d'électricité par panneaux solaires photovoltaïques (Mwh),2423.0
Côtes-d'Armor,22,01/01/2011,Production d'électricité par panneaux solaires photovoltaïques (Mwh),8607.0
Côtes-d'Armor,22,01/01/2012,Production d'électricité par panneaux solaires photovoltaïques (Mwh),12613.0
Côtes-d'Armor,22,01/01/2013,Production d'électricité par panneaux solaires photovoltaïques (Mwh),14322.0
Côtes-d'Armor,22,01/01/2014,Production d'électricité par panneaux solaires photovoltaïques (Mwh),15761.0
Côtes-d'Armor,22,01/01/2015,Production d'électricité par panneaux solaires photovoltaïques (Mwh),17264.0
Côtes-d'Armor,22,01/01/2016,Production d'électricité par panneaux solaires photovoltaïques (Mwh),17037.0
Côtes-d'Armor,22,01/01/2017,Production d'électricité par panneaux solaires photovoltaïques (Mwh),32023.0
Côtes-d'Armor,22,01/01/2018,Production d'électricité par panneaux solaires photovoltaïques (Mwh),34173.0
Côtes-d'Armor,22,01/01/2019,Production d'électricité par panneaux solaires photovoltaïques (Mwh),35033.0
Côtes-d'Armor,22,01/01/2020,Production d'électricité par panneaux solaires photovoltaïques (Mwh),34646.0
Côtes-d'Armor,22,01/01/2021,Production d'électricité par panneaux solaires photovoltaïques (Mwh),51161.0
Côtes-d'Armor,22,01/01/2022,Production d'électricité par panneaux solaires photovoltaïques (Mwh),59684.0
Côtes-d'Armor,22,01/01/2023,Production d'électricité par panneaux solaires photovoltaïques (Mwh),72690.0
Côtes-d'Armor,22,01/01/2024,Production d'électricité par panneaux solaires photovoltaïques (Mwh),99048.0
Finistère,29,01/01/2008,Production d'électricité par panneaux solaires photovoltaïques (Mwh),9.0
Finistère,29,01/01/2009,Production d'électricité par panneaux solaires photovoltaïques (Mwh),229.0
Finistère,29,01/01/2010,Production d'électricité par panneaux solaires photovoltaïques (Mwh),1482.0
Finistère,29,01/01/2011,Production d'électricité par panneaux solaires photovoltaïques (Mwh),8337.0
Finistère,29,01/01/2012,Production d'électricité par panneaux solaires photovoltaïques (Mwh),15963.0
Finistère,29,01/01/2013,Production d'électricité par panneaux solaires photovoltaïques (Mwh),18859.0
Finistère,29,01/01/2014,Production d'électricité par panneaux solaires photovoltaïques (Mwh),20470.0
Finistère,29,01/01/2015,Production d'électricité par panneaux solaires photovoltaïques (Mwh),20945.0
Finistère,29,01/01/2016,Production d'électricité par panneaux solaires photovoltaïques (Mwh),22036.0
Finistère,29,01/01/2017,Production d'électricité par panneaux solaires photovoltaïques (Mwh),43834.0
Finistère,29,01/01/2018,Production d'électricité par panneaux solaires photovoltaïques (Mwh),47665.0
Finistère,29,01/01/2019,Production d'électricité par panneaux solaires photovoltaïques (Mwh),49590.0
Finistère,29,01/01/2020,Production d'électricité par panneaux solaires photovoltaïques (Mwh),47584.0
Finistère,29,01/01/2021,Production d'électricité par panneaux solaires photovoltaïques (Mwh),59586.0
Finistère,29,01/01/2022,Production d'électricité par panneaux solaires photovoltaïques (Mwh),67215.0
Finistère,29,01/01/2023,Production d'électricité par panneaux solaires photovoltaïques (Mwh),75057.0
Finistère,29,01/01/2024,Production d'électricité par panneaux solaires photovoltaïques (Mwh),106116.0
Ille-et-Vilaine,35,01/01/2008,Production d'électricité par panneaux solaires photovoltaïques (Mwh),40.0
Ille-et-Vilaine,35,01/01/2009,Production d'électricité par panneaux solaires photovoltaïques (Mwh),546.0
Ille-et-Vilaine,35,01/01/2010,Production d'électricité par panneaux solaires photovoltaïques (Mwh),3342.0
Ille-et-Vilaine,35,01/01/2011,Production d'électricité par panneaux solaires photovoltaïques (Mwh),12101.0
Ille-et-Vilaine,35,01/01/2012,Production d'électricité par panneaux solaires photovoltaïques (Mwh),23632.0
Ille-et-Vilaine,35,01/01/2013,Production d'électricité par panneaux solaires photovoltaïques (Mwh),28561.0
Ille-et-Vilaine,35,01/01/2014,Production d'électricité par panneaux solaires photovoltaïques (Mwh),36881.0
Ille-et-Vilaine,35,01/01/2015,Production d'électricité par panneaux solaires photovoltaïques (Mwh),41921.0
Ille-et-Vilaine,35,01/01/2016,Production d'électricité par panneaux solaires photovoltaïques (Mwh),46335.0
Ille-et-Vilaine,35,01/01/2017,Production d'électricité par panneaux solaires photovoltaïques (Mwh),69844.0
Ille-et-Vilaine,35,01/01/2018,Production d'électricité par panneaux solaires photovoltaïques (Mwh),75713.0
Ille-et-Vilaine,35,01/01/2019,Production d'électricité par panneaux solaires photovoltaïques (Mwh),82159.0
Ille-et-Vilaine,35,01/01/2020,Production d'électricité par panneaux solaires photovoltaïques (Mwh),83521.0
Ille-et-Vilaine,35,01/01/2021,Production d'électricité par panneaux solaires photovoltaïques (Mwh),103909.0
Ille-et-Vilaine,35,01/01/2022,Production d'électricité par panneaux solaires photovoltaïques (Mwh),136687.0
Ille-et-Vilaine,35,01/01/2023,Production d'électricité par panneaux solaires photovoltaïques (Mwh),165801.0
Ille-et-Vilaine,35,01/01/2024,Production d'électricité par panneaux solaires photovoltaïques (Mwh),192151.0
Morbihan,56,01/01/2008,Production d'électricité par panneaux solaires photovoltaïques (Mwh),0.0
Morbihan,56,01/01/2009,Production d'électricité par panneaux solaires photovoltaïques (Mwh),655.0
Morbihan,56,01/01/2010,Production d'électricité par panneaux solaires photovoltaïques (Mwh),3260.0
Morbihan,56,01/01/2011,Production d'électricité par panneaux solaires photovoltaïques (Mwh),10515.0
Morbihan,56,01/01/2012,Production d'électricité par panneaux solaires photovoltaïques (Mwh),14359.0
Morbihan,56,01/01/2013,Production d'électricité par panneaux solaires photovoltaïques (Mwh),16128.0
Morbihan,56,01/01/2014,Production d'électricité par panneaux solaires photovoltaïques (Mwh),18080.0
Morbihan,56,01/01/2015,Production d'électricité par panneaux solaires photovoltaïques (Mwh),18689.0
Morbihan,56,01/01/2016,Production d'électricité par panneaux solaires photovoltaïques (Mwh),19385.0
Morbihan,56,01/01/2017,Production d'électricité par panneaux solaires photovoltaïques (Mwh),42331.0
Morbihan,56,01/01/2018,Production d'électricité par panneaux solaires photovoltaïques (Mwh),47351.0
Morbihan,56,01/01/2019,Production d'électricité par panneaux solaires photovoltaïques (Mwh),58934.0
Morbihan,56,01/01/2020,Production d'électricité par panneaux solaires photovoltaïques (Mwh),60551.0
Morbihan,56,01/01/2021,Production d'électricité par panneaux solaires photovoltaïques (Mwh),70865.0
Morbihan,56,01/01/2022,Production d'électricité par panneaux solaires photovoltaïques (Mwh),87667.0
Morbihan,56,01/01/2023,Production d'électricité par panneaux solaires photovoltaïques (Mwh),116882.0
Morbihan,56,01/01/2024,Production d'électricité par panneaux solaires photovoltaïques (Mwh),146057.0
Côtes-d'Armor,22,01/01/2000,Production d'électricité par panneaux solaires thermiques (Mwh),0.0
Côtes-d'Armor,22,01/01/2001,Production d'électricité par panneaux solaires thermiques (Mwh),0.0
Côtes-d'Armor,22,01/01/2002,Production d'électricité par panneaux solaires thermiques (Mwh),19.0
Côtes-d'Armor,22,01/01/2003,Production d'électricité par panneaux solaires thermiques (Mwh),151.0
Côtes-d'Armor,22,01/01/2004,Production d'électricité par panneaux solaires thermiques (Mwh),326.0
Côtes-d'Armor,22,01/01/2005,Production d'électricité par panneaux solaires thermiques (Mwh),629.0
Côtes-d'Armor,22,01/01/2006,Production d'électricité par panneaux solaires thermiques (Mwh),1202.0
Côtes-d'Armor,22,01/01/2007,Production d'électricité par panneaux solaires thermiques (Mwh),1754.0
Côtes-d'Armor,22,01/01/2008,Production d'électricité par panneaux solaires thermiques (Mwh),2342.0
Côtes-d'Armor,22,01/01/2009,Production d'électricité par panneaux solaires thermiques (Mwh),2898.0
Côtes-d'Armor,22,01/01/2010,Production d'électricité par panneaux solaires thermiques (Mwh),3471.0
Côtes-d'Armor,22,01/01/2011,Production d'électricité par panneaux solaires thermiques (Mwh),4040.0
Côtes-d'Armor,22,01/01/2012,Production d'électricité par panneaux solaires thermiques (Mwh),4608.0
Côtes-d'Armor,22,01/01/2013,Production d'électricité par panneaux solaires thermiques (Mwh),5174.0
Côtes-d'Armor,22,01/01/2014,Production d'électricité par panneaux solaires thermiques (Mwh),5737.0
Côtes-d'Armor,22,01/01/2015,Production d'électricité par panneaux solaires thermiques (Mwh),6318.0
Côtes-d'Armor,22,01/01/2016,Production d'électricité par panneaux solaires thermiques (Mwh),6883.0
Côtes-d'Armor,22,01/01/2017,Production d'électricité par panneaux solaires thermiques (Mwh),7452.0
Côtes-d'Armor,22,01/01/2018,Production d'électricité par panneaux solaires thermiques (Mwh),7739.0
Côtes-d'Armor,22,01/01/2019,Production d'électricité par panneaux solaires thermiques (Mwh),7982.0
Côtes-d'Armor,22,01/01/2020,Production d'électricité par panneaux solaires thermiques (Mwh),8121.0
Côtes-d'Armor,22,01/01/2021,Production d'électricité par panneaux solaires thermiques (Mwh),8307.0
Côtes-d'Armor,22,01/01/2022,Production d'électricité par panneaux solaires thermiques (Mwh),8835.0
Côtes-d'Armor,22,01/01/2023,Production d'électricité par panneaux solaires thermiques (Mwh),9327.0
Côtes-d'Armor,22,01/01/2024,Production d'électricité par panneaux solaires thermiques (Mwh),9536.0
Finistère,29,01/01/2000,Production d'électricité par panneaux solaires thermiques (Mwh),0.0
Finistère,29,01/01/2001,Production d'électricité par panneaux solaires thermiques (Mwh),0.0
Finistère,29,01/01/2002,Production d'électricité par panneaux solaires thermiques (Mwh),34.0
Finistère,29,01/01/2003,Production d'électricité par panneaux solaires thermiques (Mwh),222.0
Finistère,29,01/01/2004,Production d'électricité par panneaux solaires thermiques (Mwh),454.0
Finistère,29,01/01/2005,Production d'électricité par panneaux solaires thermiques (Mwh),810.0
Finistère,29,01/01/2006,Production d'électricité par panneaux solaires thermiques (Mwh),1564.0
Finistère,29,01/01/2007,Production d'électricité par panneaux solaires thermiques (Mwh),2310.0
Finistère,29,01/01/2008,Production d'électricité par panneaux solaires thermiques (Mwh),3059.0
Finistère,29,01/01/2009,Production d'électricité par panneaux solaires thermiques (Mwh),3802.0
Finistère,29,01/01/2010,Production d'électricité par panneaux solaires thermiques (Mwh),4559.0
Finistère,29,01/01/2011,Production d'électricité par panneaux solaires thermiques (Mwh),5308.0
Finistère,29,01/01/2012,Production d'électricité par panneaux solaires thermiques (Mwh),6057.0
Finistère,29,01/01/2013,Production d'électricité par panneaux solaires thermiques (Mwh),6803.0
Finistère,29,01/01/2014,Production d'électricité par panneaux solaires thermiques (Mwh),7553.0
Finistère,29,01/01/2015,Production d'électricité par panneaux solaires thermiques (Mwh),8301.0
Finistère,29,01/01/2016,Production d'électricité par panneaux solaires thermiques (Mwh),9050.0
Finistère,29,01/01/2017,Production d'électricité par panneaux solaires thermiques (Mwh),9799.0
Finistère,29,01/01/2018,Production d'électricité par panneaux solaires thermiques (Mwh),10196.0
Finistère,29,01/01/2019,Production d'électricité par panneaux solaires thermiques (Mwh),10483.0
Finistère,29,01/01/2020,Production d'électricité par panneaux solaires thermiques (Mwh),10665.0
Finistère,29,01/01/2021,Production d'électricité par panneaux solaires thermiques (Mwh),10922.0
Finistère,29,01/01/2022,Production d'électricité par panneaux solaires thermiques (Mwh),11616.0
Finistère,29,01/01/2023,Production d'électricité par panneaux solaires thermiques (Mwh),12262.0
Finistère,29,01/01/2024,Production d'électricité par panneaux solaires thermiques (Mwh),12540.0
Ille-et-Vilaine,35,01/01/2000,Production d'électricité par panneaux solaires thermiques (Mwh),0.0
Ille-et-Vilaine,35,01/01/2001,Production d'électricité par panneaux solaires thermiques (Mwh),0.0
Ille-et-Vilaine,35,01/01/2002,Production d'électricité par panneaux solaires thermiques (Mwh),16.0
Ille-et-Vilaine,35,01/01/2003,Production d'électricité par panneaux solaires thermiques (Mwh),171.0
Ille-et-Vilaine,35,01/01/2004,Production d'électricité par panneaux solaires thermiques (Mwh),360.0
Ille-et-Vilaine,35,01/01/2005,Production d'électricité par panneaux solaires thermiques (Mwh),683.0
Ille-et-Vilaine,35,01/01/2006,Production d'électricité par panneaux solaires thermiques (Mwh),1303.0
Ille-et-Vilaine,35,01/01/2007,Production d'électricité par panneaux solaires thermiques (Mwh),1917.0
Ille-et-Vilaine,35,01/01/2008,Production d'électricité par panneaux solaires thermiques (Mwh),2549.0
Ille-et-Vilaine,35,01/01/2009,Production d'électricité par panneaux solaires thermiques (Mwh),3165.0
Ille-et-Vilaine,35,01/01/2010,Production d'électricité par panneaux solaires thermiques (Mwh),3786.0
Ille-et-Vilaine,35,01/01/2011,Production d'électricité par panneaux solaires thermiques (Mwh),4407.0
Ille-et-Vilaine,35,01/01/2012,Production d'électricité par panneaux solaires thermiques (Mwh),5041.0
Ille-et-Vilaine,35,01/01/2013,Production d'électricité par panneaux solaires thermiques (Mwh),5657.0
Ille-et-Vilaine,35,01/01/2014,Production d'électricité par panneaux solaires thermiques (Mwh),6275.0
Ille-et-Vilaine,35,01/01/2015,Production d'électricité par panneaux solaires thermiques (Mwh),6898.0
Ille-et-Vilaine,35,01/01/2016,Production d'électricité par panneaux solaires thermiques (Mwh),7525.0
Ille-et-Vilaine,35,01/01/2017,Production d'électricité par panneaux solaires thermiques (Mwh),8152.0
Ille-et-Vilaine,35,01/01/2018,Production d'électricité par panneaux solaires thermiques (Mwh),8480.0
Ille-et-Vilaine,35,01/01/2019,Production d'électricité par panneaux solaires thermiques (Mwh),8716.0
Ille-et-Vilaine,35,01/01/2020,Production d'électricité par panneaux solaires thermiques (Mwh),8871.0
Ille-et-Vilaine,35,01/01/2021,Production d'électricité par panneaux solaires thermiques (Mwh),9094.0
Ille-et-Vilaine,35,01/01/2022,Production d'électricité par panneaux solaires thermiques (Mwh),9657.0
Ille-et-Vilaine,35,01/01/2023,Production d'électricité par panneaux solaires thermiques (Mwh),10195.0
Ille-et-Vilaine,35,01/01/2024,Production d'électricité par panneaux solaires thermiques (Mwh),10424.0
Morbihan,56,01/01/2000,Production d'électricité par panneaux solaires thermiques (Mwh),0.0
Morbihan,56,01/01/2001,Production d'électricité par panneaux solaires thermiques (Mwh),0.0
Morbihan,56,01/01/2002,Production d'électricité par panneaux solaires thermiques (Mwh),27.0
Morbihan,56,01/01/2003,Production d'électricité par panneaux solaires thermiques (Mwh),203.0
Morbihan,56,01/01/2004,Production d'électricité par panneaux solaires thermiques (Mwh),391.0
Morbihan,56,01/01/2005,Production d'électricité par panneaux solaires thermiques (Mwh),708.0
Morbihan,56,01/01/2006,Production d'électricité par panneaux solaires thermiques (Mwh),1357.0
Morbihan,56,01/01/2007,Production d'électricité par panneaux solaires thermiques (Mwh),1999.0
Morbihan,56,01/01/2008,Production d'électricité par panneaux solaires thermiques (Mwh),2645.0
Morbihan,56,01/01/2009,Production d'électricité par panneaux solaires thermiques (Mwh),3298.0
Morbihan,56,01/01/2010,Production d'électricité par panneaux solaires thermiques (Mwh),3941.0
Morbihan,56,01/01/2011,Production d'électricité par panneaux solaires thermiques (Mwh),4593.0
Morbihan,56,01/01/2012,Production d'électricité par panneaux solaires thermiques (Mwh),5245.0
Morbihan,56,01/01/2013,Production d'électricité par panneaux solaires thermiques (Mwh),5878.0
Morbihan,56,01/01/2014,Production d'électricité par panneaux solaires thermiques (Mwh),6541.0
Morbihan,56,01/01/2015,Production d'électricité par panneaux solaires thermiques (Mwh),7182.0
Morbihan,56,01/01/2016,Production d'électricité par panneaux solaires thermiques (Mwh),7832.0
Morbihan,56,01/01/2017,Production d'électricité par panneaux solaires thermiques (Mwh),8489.0
Morbihan,56,01/01/2018,Production d'électricité par panneaux solaires thermiques (Mwh),8825.0
Morbihan,56,01/01/2019,Production d'électricité par panneaux solaires thermiques (Mwh),9078.0
Morbihan,56,01/01/2020,Production d'électricité par panneaux solaires thermiques (Mwh),9237.0
Morbihan,56,01/01/2021,Production d'électricité par panneaux solaires thermiques (Mwh),9454.0
Morbihan,56,01/01/2022,Production d'électricité par panneaux solaires thermiques (Mwh),10054.0
Morbihan,56,01/01/2023,Production d'électricité par panneaux solaires thermiques (Mwh),10617.0
Morbihan,56,01/01/2024,Production d'électricité par panneaux solaires thermiques (Mwh),10859.0
Côtes-d'Armor,22,01/01/2000,Puissance installée d'électricité par panneaux solaires thermiques (kw),0.0
Côtes-d'Armor,22,01/01/2001,Puissance installée d'électricité par panneaux solaires thermiques (kw),0.0
Côtes-d'Armor,22,01/01/2002,Puissance installée d'électricité par panneaux solaires thermiques (kw),0.0
Côtes-d'Armor,22,01/01/2003,Puissance installée d'électricité par panneaux solaires thermiques (kw),0.0
Côtes-d'Armor,22,01/01/2004,Puissance installée d'électricité par panneaux solaires thermiques (kw),0.0
Côtes-d'Armor,22,01/01/2005,Puissance installée d'électricité par panneaux solaires thermiques (kw),0.0
Côtes-d'Armor,22,01/01/2006,Puissance installée d'électricité par panneaux solaires thermiques (kw),0.0
Côtes-d'Armor,22,01/01/2007,Puissance installée d'électricité par panneaux solaires thermiques (kw),0.0
Côtes-d'Armor,22,01/01/2008,Puissance installée d'électricité par panneaux solaires thermiques (kw),0.0
Côtes-d'Armor,22,01/01/2009,Puissance installée d'électricité par panneaux solaires thermiques (kw),0.0
Côtes-d'Armor,22,01/01/2010,Puissance installée d'électricité par panneaux solaires thermiques (kw),0.0
Côtes-d'Armor,22,01/01/2011,Puissance installée d'électricité par panneaux solaires thermiques (kw),0.0
Côtes-d'Armor,22,01/01/2012,Puissance installée d'électricité par panneaux solaires thermiques (kw),0.0
Côtes-d'Armor,22,01/01/2013,Puissance installée d'électricité par panneaux solaires thermiques (kw),0.0
Côtes-d'Armor,22,01/01/2014,Puissance installée d'électricité par panneaux solaires thermiques (kw),0.0
Côtes-d'Armor,22,01/01/2015,Puissance installée d'électricité par panneaux solaires thermiques (kw),0.0
Côtes-d'Armor,22,01/01/2016,Puissance installée d'électricité par panneaux solaires thermiques (kw),0.0
Côtes-d'Armor,22,01/01/2017,Puissance installée d'électricité par panneaux solaires thermiques (kw),0.0
Côtes-d'Armor,22,01/01/2018,Puissance installée d'électricité par panneaux solaires thermiques (kw),0.0
Côtes-d'Armor,22,01/01/2019,Puissance installée d'électricité par panneaux solaires thermiques (kw),0.0
Côtes-d'Armor,22,01/01/2020,Puissance installée d'électricité par panneaux solaires thermiques (kw),0.0
Côtes-d'Armor,22,01/01/2021,Puissance installée d'électricité par panneaux solaires thermiques (kw),0.0
Côtes-d'Armor,22,01/01/2022,Puissance installée d'électricité par panneaux solaires thermiques (kw),0.0
Côtes-d'Armor,22,01/01/2023,Puissance installée d'électricité par panneaux solaires thermiques (kw),0.0
Côtes-d'Armor,22,01/01/2024,Puissance installée d'électricité par panneaux solaires thermiques (kw),0.0
Finistère,29,01/01/2000,Puissance installée d'électricité par panneaux solaires thermiques (kw),0.0
Finistère,29,01/01/2001,Puissance installée d'électricité par panneaux solaires thermiques (kw),0.0
Finistère,29,01/01/2002,Puissance installée d'électricité par panneaux solaires thermiques (kw),0.0
Finistère,29,01/01/2003,Puissance installée d'électricité par panneaux solaires thermiques (kw),0.0
Finistère,29,01/01/2004,Puissance installée d'électricité par panneaux solaires thermiques (kw),0.0
Finistère,29,01/01/2005,Puissance installée d'électricité par panneaux solaires thermiques (kw),0.0
Finistère,29,01/01/2006,Puissance installée d'électricité par panneaux solaires thermiques (kw),0.0
Finistère,29,01/01/2007,Puissance installée d'électricité par panneaux solaires thermiques (kw),0.0
Finistère,29,01/01/2008,Puissance installée d'électricité par panneaux solaires thermiques (kw),0.0
Finistère,29,01/01/2009,Puissance installée d'électricité par panneaux solaires thermiques (kw),0.0
Finistère,29,01/01/2010,Puissance installée d'électricité par panneaux solaires thermiques (kw),0.0
Finistère,29,01/01/2011,Puissance installée d'électricité par panneaux solaires thermiques (kw),0.0
Finistère,29,01/01/2012,Puissance installée d'électricité par panneaux solaires thermiques (kw),0.0
Finistère,29,01/01/2013,Puissance installée d'électricité par panneaux solaires thermiques (kw),0.0
Finistère,29,01/01/2014,Puissance installée d'électricité par panneaux solaires thermiques (kw),0.0
Finistère,29,01/01/2015,Puissance installée d'électricité par panneaux solaires thermiques (kw),0.0
Finistère,29,01/01/2016,Puissance installée d'électricité par panneaux solaires thermiques (kw),0.0
Finistère,29,01/01/2017,Puissance installée d'électricité par panneaux solaires thermiques (kw),0.0
Finistère,29,01/01/2018,Puissance installée d'électricité par panneaux solaires thermiques (kw),0.0
Finistère,29,01/01/2019,Puissance installée d'électricité par panneaux solaires thermiques (kw),0.0
Finistère,29,01/01/2020,Puissance installée d'électricité par panneaux solaires thermiques (kw),0.0
Finistère,29,01/01/2021,Puissance installée d'électricité par panneaux solaires thermiques (kw),0.0
Finistère,29,01/01/2022,Puissance installée d'électricité par panneaux solaires thermiques (kw),0.0
Finistère,29,01/01/2023,Puissance installée d'électricité par panneaux solaires thermiques (kw),0.0
Finistère,29,01/01/2024,Puissance installée d'électricité par panneaux solaires thermiques (kw),0.0
Ille-et-Vilaine,35,01/01/2000,Puissance installée d'électricité par panneaux solaires thermiques (kw),0.0
Ille-et-Vilaine,35,01/01/2001,Puissance installée d'électricité par panneaux solaires thermiques (kw),0.0
Ille-et-Vilaine,35,01/01/2002,Puissance installée d'électricité par panneaux solaires thermiques (kw),0.0
Ille-et-Vilaine,35,01/01/2003,Puissance installée d'électricité par panneaux solaires thermiques (kw),0.0
Ille-et-Vilaine,35,01/01/2004,Puissance installée d'électricité par panneaux solaires thermiques (kw),0.0
Ille-et-Vilaine,35,01/01/2005,Puissance installée d'électricité par panneaux solaires thermiques (kw),0.0
Ille-et-Vilaine,35,01/01/2006,Puissance installée d'électricité par panneaux solaires thermiques (kw),0.0
Ille-et-Vilaine,35,01/01/2007,Puissance installée d'électricité par panneaux solaires thermiques (kw),0.0
Ille-et-Vilaine,35,01/01/2008,Puissance installée d'électricité par panneaux solaires thermiques (kw),0.0
Ille-et-Vilaine,35,01/01/2009,Puissance installée d'électricité par panneaux solaires thermiques (kw),0.0
Ille-et-Vilaine,35,01/01/2010,Puissance installée d'électricité par panneaux solaires thermiques (kw),0.0
Ille-et-Vilaine,35,01/01/2011,Puissance installée d'électricité par panneaux solaires thermiques (kw),0.0
Ille-et-Vilaine,35,01/01/2012,Puissance installée d'électricité par panneaux solaires thermiques (kw),0.0
Ille-et-Vilaine,35,01/01/2013,Puissance installée d'électricité par panneaux solaires thermiques (kw),0.0
Ille-et-Vilaine,35,01/01/2014,Puissance installée d'électricité par panneaux solaires thermiques (kw),0.0
Ille-et-Vilaine,35,01/01/2015,Puissance installée d'électricité par panneaux solaires thermiques (kw),0.0
Ille-et-Vilaine,35,01/01/2016,Puissance installée d'électricité par panneaux solaires thermiques (kw),0.0
Ille-et-Vilaine,35,01/01/2017,Puissance installée d'électricité par panneaux solaires thermiques (kw),0.0
Ille-et-Vilaine,35,01/01/2018,Puissance installée d'électricité par panneaux solaires thermiques (kw),0.0
Ille-et-Vilaine,35,01/01/2019,Puissance installée d'électricité par panneaux solaires thermiques (kw),0.0
Ille-et-Vilaine,35,01/01/2020,Puissance installée d'électricité par panneaux solaires thermiques (kw),0.0
Ille-et-Vilaine,35,01/01/2021,Puissance installée d'électricité par panneaux solaires thermiques (kw),0.0
Ille-et-Vilaine,35,01/01/2022,Puissance installée d'électricité par panneaux solaires thermiques (kw),0.0
Ille-et-Vilaine,35,01/01/2023,Puissance installée d'électricité par panneaux solaires thermiques (kw),0.0
Ille-et-Vilaine,35,01/01/2024,Puissance installée d'électricité par panneaux solaires thermiques (kw),0.0
Morbihan,56,01/01/2000,Puissance installée d'électricité par panneaux solaires thermiques (kw),0.0
Morbihan,56,01/01/2001,Puissance installée d'électricité par panneaux solaires thermiques (kw),0.0
Morbihan,56,01/01/2002,Puissance installée d'électricité par panneaux solaires thermiques (kw),0.0
Morbihan,56,01/01/2003,Puissance installée d'électricité par panneaux solaires thermiques (kw),50.0
Morbihan,56,01/01/2004,Puissance installée d'électricité par panneaux solaires thermiques (kw),190.0
Morbihan,56,01/01/2005,Puissance installée d'électricité par panneaux solaires thermiques (kw),530.0
Morbihan,56,01/01/2006,Puissance installée d'électricité par panneaux solaires thermiques (kw),1410.0
Morbihan,56,01/01/2007,Puissance installée d'électricité par panneaux solaires thermiques (kw),2310.0
Morbihan,56,01/01/2008,Puissance installée d'électricité par panneaux solaires thermiques (kw),3090.0
Morbihan,56,01/01/2009,Puissance installée d'électricité par panneaux solaires thermiques (kw),3860.0
Morbihan,56,01/01/2010,Puissance installée d'électricité par panneaux solaires thermiques (kw),4560.0
Morbihan,56,01/01/2011,Puissance installée d'électricité par panneaux solaires thermiques (kw),5410.0
Morbihan,56,01/01/2012,Puissance installée d'électricité par panneaux solaires thermiques (kw),6220.0
Morbihan,56,01/01/2013,Puissance installée d'électricité par panneaux solaires thermiques (kw),7030.0
Morbihan,56,01/01/2014,Puissance installée d'électricité par panneaux solaires thermiques (kw),7680.0
Morbihan,56,01/01/2015,Puissance installée d'électricité par panneaux solaires thermiques (kw),8520.0
Morbihan,56,01/01/2016,Puissance installée d'électricité par panneaux solaires thermiques (kw),9220.0
Morbihan,56,01/01/2017,Puissance installée d'électricité par panneaux solaires thermiques (kw),10090.0
Morbihan,56,01/01/2018,Puissance installée d'électricité par panneaux solaires thermiques (kw),10410.0
Morbihan,56,01/01/2019,Puissance installée d'électricité par panneaux solaires thermiques (kw),10670.0
Morbihan,56,01/01/2020,Puissance installée d'électricité par panneaux solaires thermiques (kw),10870.0
Morbihan,56,01/01/2021,Puissance installée d'électricité par panneaux solaires thermiques (kw),11290.0
Morbihan,56,01/01/2022,Puissance installée d'électricité par panneaux solaires thermiques (kw),11900.0
Morbihan,56,01/01/2023,Puissance installée d'électricité par panneaux solaires thermiques (kw),12560.0
Morbihan,56,01/01/2024,Puissance installée d'électricité par panneaux solaires thermiques (kw),12920.0
Côtes-d'Armor,22,01/01/2000,Production d’hydroélectricité (Mwh),53002.0
Côtes-d'Armor,22,01/01/2001,Production d’hydroélectricité (Mwh),50000.0
Côtes-d'Armor,22,01/01/2002,Production d’hydroélectricité (Mwh),37000.0
Côtes-d'Armor,22,01/01/2003,Production d’hydroélectricité (Mwh),20999.0
Côtes-d'Armor,22,01/01/2004,Production d’hydroélectricité (Mwh),36925.0
Côtes-d'Armor,22,01/01/2005,Production d’hydroélectricité (Mwh),23999.0
Côtes-d'Armor,22,01/01/2006,Production d’hydroélectricité (Mwh),34860.0
Côtes-d'Armor,22,01/01/2007,Production d’hydroélectricité (Mwh),37234.0
Côtes-d'Armor,22,01/01/2008,Production d’hydroélectricité (Mwh),40819.0
Côtes-d'Armor,22,01/01/2009,Production d’hydroélectricité (Mwh),37524.0
Côtes-d'Armor,22,01/01/2010,Production d’hydroélectricité (Mwh),33740.0
Côtes-d'Armor,22,01/01/2011,Production d’hydroélectricité (Mwh),15689.0
Côtes-d'Armor,22,01/01/2012,Production d’hydroélectricité (Mwh),27791.0
Côtes-d'Armor,22,01/01/2013,Production d’hydroélectricité (Mwh),39135.0
Côtes-d'Armor,22,01/01/2014,Production d’hydroélectricité (Mwh),39394.0
Côtes-d'Armor,22,01/01/2015,Production d’hydroélectricité (Mwh),19196.0
Côtes-d'Armor,22,01/01/2016,Production d’hydroélectricité (Mwh),30031.0
Côtes-d'Armor,22,01/01/2017,Production d’hydroélectricité (Mwh),12086.0
Côtes-d'Armor,22,01/01/2018,Production d’hydroélectricité (Mwh),37134.0
Côtes-d'Armor,22,01/01/2019,Production d’hydroélectricité (Mwh),30351.0
Côtes-d'Armor,22,01/01/2020,Production d’hydroélectricité (Mwh),43106.0
Côtes-d'Armor,22,01/01/2021,Production d’hydroélectricité (Mwh),31521.0
Côtes-d'Armor,22,01/01/2022,Production d’hydroélectricité (Mwh),21584.0
Côtes-d'Armor,22,01/01/2023,Production d’hydroélectricité (Mwh),33528.0
Côtes-d'Armor,22,01/01/2024,Production d’hydroélectricité (Mwh),36678.0
Finistère,29,01/01/2000,Production d’hydroélectricité (Mwh),21000.0
Finistère,29,01/01/2001,Production d’hydroélectricité (Mwh),16000.0
Finistère,29,01/01/2002,Production d’hydroélectricité (Mwh),17000.0
Finistère,29,01/01/2003,Production d’hydroélectricité (Mwh),10000.0
Finistère,29,01/01/2004,Production d’hydroélectricité (Mwh),11495.0
Finistère,29,01/01/2005,Production d’hydroélectricité (Mwh),13000.0
Finistère,29,01/01/2006,Production d’hydroélectricité (Mwh),15275.0
Finistère,29,01/01/2007,Production d’hydroélectricité (Mwh),13000.0
Finistère,29,01/01/2008,Production d’hydroélectricité (Mwh),15274.0
Finistère,29,01/01/2009,Production d’hydroélectricité (Mwh),18235.0
Finistère,29,01/01/2010,Production d’hydroélectricité (Mwh),18061.0
Finistère,29,01/01/2011,Production d’hydroélectricité (Mwh),5159.0
Finistère,29,01/01/2012,Production d’hydroélectricité (Mwh),14333.0
Finistère,29,01/01/2013,Production d’hydroélectricité (Mwh),17441.0
Finistère,29,01/01/2014,Production d’hydroélectricité (Mwh),17379.0
Finistère,29,01/01/2015,Production d’hydroélectricité (Mwh),17270.0
Finistère,29,01/01/2016,Production d’hydroélectricité (Mwh),10751.0
Finistère,29,01/01/2017,Production d’hydroélectricité (Mwh),7847.0
Finistère,29,01/01/2018,Production d’hydroélectricité (Mwh),20089.0
Finistère,29,01/01/2019,Production d’hydroélectricité (Mwh),19430.0
Finistère,29,01/01/2020,Production d’hydroélectricité (Mwh),23659.0
Finistère,29,01/01/2021,Production d’hydroélectricité (Mwh),16388.0
Finistère,29,01/01/2022,Production d’hydroélectricité (Mwh),12939.0
Finistère,29,01/01/2023,Production d’hydroélectricité (Mwh),22398.0
Finistère,29,01/01/2024,Production d’hydroélectricité (Mwh),21496.0
Ille-et-Vilaine,35,01/01/2000,Production d’hydroélectricité (Mwh),502000.0
Ille-et-Vilaine,35,01/01/2001,Production d’hydroélectricité (Mwh),535500.0
Ille-et-Vilaine,35,01/01/2002,Production d’hydroélectricité (Mwh),539000.0
Ille-et-Vilaine,35,01/01/2003,Production d’hydroélectricité (Mwh),531000.0
Ille-et-Vilaine,35,01/01/2004,Production d’hydroélectricité (Mwh),512340.0
Ille-et-Vilaine,35,01/01/2005,Production d’hydroélectricité (Mwh),528000.0
Ille-et-Vilaine,35,01/01/2006,Production d’hydroélectricité (Mwh),512854.0
Ille-et-Vilaine,35,01/01/2007,Production d’hydroélectricité (Mwh),517093.0
Ille-et-Vilaine,35,01/01/2008,Production d’hydroélectricité (Mwh),506935.0
Ille-et-Vilaine,35,01/01/2009,Production d’hydroélectricité (Mwh),491423.0
Ille-et-Vilaine,35,01/01/2010,Production d’hydroélectricité (Mwh),523531.0
Ille-et-Vilaine,35,01/01/2011,Production d’hydroélectricité (Mwh),527138.0
Ille-et-Vilaine,35,01/01/2012,Production d’hydroélectricité (Mwh),503038.0
Ille-et-Vilaine,35,01/01/2013,Production d’hydroélectricité (Mwh),449141.0
Ille-et-Vilaine,35,01/01/2014,Production d’hydroélectricité (Mwh),518247.0
Ille-et-Vilaine,35,01/01/2015,Production d’hydroélectricité (Mwh),532230.0
Ille-et-Vilaine,35,01/01/2016,Production d’hydroélectricité (Mwh),539573.0
Ille-et-Vilaine,35,01/01/2017,Production d’hydroélectricité (Mwh),553275.0
Ille-et-Vilaine,35,01/01/2018,Production d’hydroélectricité (Mwh),522130.0
Ille-et-Vilaine,35,01/01/2019,Production d’hydroélectricité (Mwh),530395.0
Ille-et-Vilaine,35,01/01/2020,Production d’hydroélectricité (Mwh),540071.0
Ille-et-Vilaine,35,01/01/2021,Production d’hydroélectricité (Mwh),543945.0
Ille-et-Vilaine,35,01/01/2022,Production d’hydroélectricité (Mwh),548988.0
Ille-et-Vilaine,35,01/01/2023,Production d’hydroélectricité (Mwh),504420.0
Ille-et-Vilaine,35,01/01/2024,Production d’hydroélectricité (Mwh),518721.0
Morbihan,56,01/01/2000,Production d’hydroélectricité (Mwh),16000.0
Morbihan,56,01/01/2001,Production d’hydroélectricité (Mwh),13000.0
Morbihan,56,01/01/2002,Production d’hydroélectricité (Mwh),9999.0
Morbihan,56,01/01/2003,Production d’hydroélectricité (Mwh),7135.0
Morbihan,56,01/01/2004,Production d’hydroélectricité (Mwh),10935.0
Morbihan,56,01/01/2005,Production d’hydroélectricité (Mwh),8000.0
Morbihan,56,01/01/2006,Production d’hydroélectricité (Mwh),9656.0
Morbihan,56,01/01/2007,Production d’hydroélectricité (Mwh),8592.0
Morbihan,56,01/01/2008,Production d’hydroélectricité (Mwh),11201.0
Morbihan,56,01/01/2009,Production d’hydroélectricité (Mwh),10005.0
Morbihan,56,01/01/2010,Production d’hydroélectricité (Mwh),12407.0
Morbihan,56,01/01/2011,Production d’hydroélectricité (Mwh),6987.0
Morbihan,56,01/01/2012,Production d’hydroélectricité (Mwh),7925.0
Morbihan,56,01/01/2013,Production d’hydroélectricité (Mwh),9370.0
Morbihan,56,01/01/2014,Production d’hydroélectricité (Mwh),11073.0
Morbihan,56,01/01/2015,Production d’hydroélectricité (Mwh),11132.0
Morbihan,56,01/01/2016,Production d’hydroélectricité (Mwh),10231.0
Morbihan,56,01/01/2017,Production d’hydroélectricité (Mwh),5894.0
Morbihan,56,01/01/2018,Production d’hydroélectricité (Mwh),11904.0
Morbihan,56,01/01/2019,Production d’hydroélectricité (Mwh),11500.0
Morbihan,56,01/01/2020,Production d’hydroélectricité (Mwh),11441.0
Morbihan,56,01/01/2021,Production d’hydroélectricité (Mwh),10405.0
Morbihan,56,01/01/2022,Production d’hydroélectricité (Mwh),8723.0
Morbihan,56,01/01/2023,Production d’hydroélectricité (Mwh),10803.0
Morbihan,56,01/01/2024,Production d’hydroélectricité (Mwh),11645.0
Côtes-d'Armor,22,01/01/2000,Puissance installée d'hydroélectricité (kw),0.0
Côtes-d'Armor,22,01/01/2001,Puissance installée d'hydroélectricité (kw),0.0
Côtes-d'Armor,22,01/01/2002,Puissance installée d'hydroélectricité (kw),0.0
Côtes-d'Armor,22,01/01/2003,Puissance installée d'hydroélectricité (kw),0.0
Côtes-d'Armor,22,01/01/2004,Puissance installée d'hydroélectricité (kw),0.0
Côtes-d'Armor,22,01/01/2005,Puissance installée d'hydroélectricité (kw),0.0
Côtes-d'Armor,22,01/01/2006,Puissance installée d'hydroélectricité (kw),0.0
Côtes-d'Armor,22,01/01/2007,Puissance installée d'hydroélectricité (kw),0.0
Côtes-d'Armor,22,01/01/2008,Puissance installée d'hydroélectricité (kw),0.0
Côtes-d'Armor,22,01/01/2009,Puissance installée d'hydroélectricité (kw),0.0
Côtes-d'Armor,22,01/01/2010,Puissance installée d'hydroélectricité (kw),0.0
Côtes-d'Armor,22,01/01/2011,Puissance installée d'hydroélectricité (kw),0.0
Côtes-d'Armor,22,01/01/2012,Puissance installée d'hydroélectricité (kw),0.0
Côtes-d'Armor,22,01/01/2013,Puissance installée d'hydroélectricité (kw),0.0
Côtes-d'Armor,22,01/01/2014,Puissance installée d'hydroélectricité (kw),0.0
Côtes-d'Armor,22,01/01/2015,Puissance installée d'hydroélectricité (kw),0.0
Côtes-d'Armor,22,01/01/2016,Puissance installée d'hydroélectricité (kw),0.0
Côtes-d'Armor,22,01/01/2017,Puissance installée d'hydroélectricité (kw),0.0
Côtes-d'Armor,22,01/01/2018,Puissance installée d'hydroélectricité (kw),0.0
Côtes-d'Armor,22,01/01/2019,Puissance installée d'hydroélectricité (kw),0.0
Côtes-d'Armor,22,01/01/2020,Puissance installée d'hydroélectricité (kw),0.0
Côtes-d'Armor,22,01/01/2021,Puissance installée d'hydroélectricité (kw),0.0
Côtes-d'Armor,22,01/01/2022,Puissance installée d'hydroélectricité (kw),0.0
Côtes-d'Armor,22,01/01/2023,Puissance installée d'hydroélectricité (kw),0.0
Côtes-d'Armor,22,01/01/2024,Puissance installée d'hydroélectricité (kw),0.0
Finistère,29,01/01/2000,Puissance installée d'hydroélectricité (kw),0.0
Finistère,29,01/01/2001,Puissance installée d'hydroélectricité (kw),0.0
Finistère,29,01/01/2002,Puissance installée d'hydroélectricité (kw),0.0
Finistère,29,01/01/2003,Puissance installée d'hydroélectricité (kw),0.0
Finistère,29,01/01/2004,Puissance installée d'hydroélectricité (kw),0.0
Finistère,29,01/01/2005,Puissance installée d'hydroélectricité (kw),0.0
Finistère,29,01/01/2006,Puissance installée d'hydroélectricité (kw),0.0
Finistère,29,01/01/2007,Puissance installée d'hydroélectricité (kw),0.0
Finistère,29,01/01/2008,Puissance installée d'hydroélectricité (kw),0.0
Finistère,29,01/01/2009,Puissance installée d'hydroélectricité (kw),0.0
Finistère,29,01/01/2010,Puissance installée d'hydroélectricité (kw),0.0
Finistère,29,01/01/2011,Puissance installée d'hydroélectricité (kw),0.0
Finistère,29,01/01/2012,Puissance installée d'hydroélectricité (kw),0.0
Finistère,29,01/01/2013,Puissance installée d'hydroélectricité (kw),0.0
Finistère,29,01/01/2014,Puissance installée d'hydroélectricité (kw),0.0
Finistère,29,01/01/2015,Puissance installée d'hydroélectricité (kw),0.0
Finistère,29,01/01/2016,Puissance installée d'hydroélectricité (kw),0.0
Finistère,29,01/01/2017,Puissance installée d'hydroélectricité (kw),0.0
Finistère,29,01/01/2018,Puissance installée d'hydroélectricité (kw),0.0
Finistère,29,01/01/2019,Puissance installée d'hydroélectricité (kw),0.0
Finistère,29,01/01/2020,Puissance installée d'hydroélectricité (kw),0.0
Finistère,29,01/01/2021,Puissance installée d'hydroélectricité (kw),0.0
Finistère,29,01/01/2022,Puissance installée d'hydroélectricité (kw),0.0
Finistère,29,01/01/2023,Puissance installée d'hydroélectricité (kw),0.0
Finistère,29,01/01/2024,Puissance installée d'hydroélectricité (kw),0.0
Ille-et-Vilaine,35,01/01/2000,Puissance installée d'hydroélectricité (kw),0.0
Ille-et-Vilaine,35,01/01/2001,Puissance installée d'hydroélectricité (kw),0.0
Ille-et-Vilaine,35,01/01/2002,Puissance installée d'hydroélectricité (kw),0.0
Ille-et-Vilaine,35,01/01/2003,Puissance installée d'hydroélectricité (kw),0.0
Ille-et-Vilaine,35,01/01/2004,Puissance installée d'hydroélectricité (kw),0.0
Ille-et-Vilaine,35,01/01/2005,Puissance installée d'hydroélectricité (kw),0.0
Ille-et-Vilaine,35,01/01/2006,Puissance installée d'hydroélectricité (kw),0.0
Ille-et-Vilaine,35,01/01/2007,Puissance installée d'hydroélectricité (kw),0.0
Ille-et-Vilaine,35,01/01/2008,Puissance installée d'hydroélectricité (kw),0.0
Ille-et-Vilaine,35,01/01/2009,Puissance installée d'hydroélectricité (kw),0.0
Ille-et-Vilaine,35,01/01/2010,Puissance installée d'hydroélectricité (kw),0.0
Ille-et-Vilaine,35,01/01/2011,Puissance installée d'hydroélectricité (kw),0.0
Ille-et-Vilaine,35,01/01/2012,Puissance installée d'hydroélectricité (kw),0.0
Ille-et-Vilaine,35,01/01/2013,Puissance installée d'hydroélectricité (kw),0.0
Ille-et-Vilaine,35,01/01/2014,Puissance installée d'hydroélectricité (kw),0.0
Ille-et-Vilaine,35,01/01/2015,Puissance installée d'hydroélectricité (kw),0.0
Ille-et-Vilaine,35,01/01/2016,Puissance installée d'hydroélectricité (kw),0.0
Ille-et-Vilaine,35,01/01/2017,Puissance installée d'hydroélectricité (kw),0.0
Ille-et-Vilaine,35,01/01/2018,Puissance installée d'hydroélectricité (kw),0.0
Ille-et-Vilaine,35,01/01/2019,Puissance installée d'hydroélectricité (kw),0.0
Ille-et-Vilaine,35,01/01/2020,Puissance installée d'hydroélectricité (kw),0.0
Ille-et-Vilaine,35,01/01/2021,Puissance installée d'hydroélectricité (kw),0.0
Ille-et-Vilaine,35,01/01/2022,Puissance installée d'hydroélectricité (kw),0.0
Ille-et-Vilaine,35,01/01/2023,Puissance installée d'hydroélectricité (kw),0.0
Ille-et-Vilaine,35,01/01/2024,Puissance installée d'hydroélectricité (kw),0.0
Morbihan,56,01/01/2000,Puissance installée d'hydroélectricité (kw),4082.0
Morbihan,56,01/01/2001,Puissance installée d'hydroélectricité (kw),4082.0
Morbihan,56,01/01/2002,Puissance installée d'hydroélectricité (kw),4082.0
Morbihan,56,01/01/2003,Puissance installée d'hydroélectricité (kw),4602.0
Morbihan,56,01/01/2004,Puissance installée d'hydroélectricité (kw),4602.0
Morbihan,56,01/01/2005,Puissance installée d'hydroélectricité (kw),4602.0
Morbihan,56,01/01/2006,Puissance installée d'hydroélectricité (kw),4602.0
Morbihan,56,01/01/2007,Puissance installée d'hydroélectricité (kw),4650.0
Morbihan,56,01/01/2008,Puissance installée d'hydroélectricité (kw),4900.0
Morbihan,56,01/01/2009,Puissance installée d'hydroélectricité (kw),4900.0
Morbihan,56,01/01/2010,Puissance installée d'hydroélectricité (kw),4900.0
Morbihan,56,01/01/2011,Puissance installée d'hydroélectricité (kw),4352.0
Morbihan,56,01/01/2012,Puissance installée d'hydroélectricité (kw),5055.0
Morbihan,56,01/01/2013,Puissance installée d'hydroélectricité (kw),5055.0
Morbihan,56,01/01/2014,Puissance installée d'hydroélectricité (kw),5055.0
Morbihan,56,01/01/2015,Puissance installée d'hydroélectricité (kw),5055.0
Morbihan,56,01/01/2016,Puissance installée d'hydroélectricité (kw),5155.0
Morbihan,56,01/01/2017,Puissance installée d'hydroélectricité (kw),5155.0
Morbihan,56,01/01/2018,Puissance installée d'hydroélectricité (kw),5155.0
Morbihan,56,01/01/2019,Puissance installée d'hydroélectricité (kw),5155.0
Morbihan,56,01/01/2020,Puissance installée d'hydroélectricité (kw),5155.0
Morbihan,56,01/01/2021,Puissance installée d'hydroélectricité (kw),5235.0
Morbihan,56,01/01/2022,Puissance installée d'hydroélectricité (kw),5395.0
Morbihan,56,01/01/2023,Puissance installée d'hydroélectricité (kw),5395.0
Morbihan,56,01/01/2024,Puissance installée d'hydroélectricité (kw),5463.0
Côtes-d'Armor,22,01/01/2000,Production d'électricité par incinérations de déchets (Mwh),67260.0
Côtes-d'Armor,22,01/01/2001,Production d'électricité par incinérations de déchets (Mwh),81969.0
Côtes-d'Armor,22,01/01/2002,Production d'électricité par incinérations de déchets (Mwh),80902.0
Côtes-d'Armor,22,01/01/2003,Production d'électricité par incinérations de déchets (Mwh),57022.0
Côtes-d'Armor,22,01/01/2004,Production d'électricité par incinérations de déchets (Mwh),52598.0
Côtes-d'Armor,22,01/01/2005,Production d'électricité par incinérations de déchets (Mwh),69809.0
Côtes-d'Armor,22,01/01/2006,Production d'électricité par incinérations de déchets (Mwh),13990.0
Côtes-d'Armor,22,01/01/2007,Production d'électricité par incinérations de déchets (Mwh),67906.0
Côtes-d'Armor,22,01/01/2008,Production d'électricité par incinérations de déchets (Mwh),30254.0
Côtes-d'Armor,22,01/01/2009,Production d'électricité par incinérations de déchets (Mwh),31638.0
Côtes-d'Armor,22,01/01/2010,Production d'électricité par incinérations de déchets (Mwh),42149.0
Côtes-d'Armor,22,01/01/2011,Production d'électricité par incinérations de déchets (Mwh),29715.0
Côtes-d'Armor,22,01/01/2012,Production d'électricité par incinérations de déchets (Mwh),71363.0
Côtes-d'Armor,22,01/01/2013,Production d'électricité par incinérations de déchets (Mwh),73031.0
Côtes-d'Armor,22,01/01/2014,Production d'électricité par incinérations de déchets (Mwh),70949.0
Côtes-d'Armor,22,01/01/2015,Production d'électricité par incinérations de déchets (Mwh),71761.0
Côtes-d'Armor,22,01/01/2016,Production d'électricité par incinérations de déchets (Mwh),63067.0
Côtes-d'Armor,22,01/01/2017,Production d'électricité par incinérations de déchets (Mwh),79426.0
Côtes-d'Armor,22,01/01/2018,Production d'électricité par incinérations de déchets (Mwh),75357.0
Côtes-d'Armor,22,01/01/2019,Production d'électricité par incinérations de déchets (Mwh),79241.0
Côtes-d'Armor,22,01/01/2020,Production d'électricité par incinérations de déchets (Mwh),75488.0
Côtes-d'Armor,22,01/01/2021,Production d'électricité par incinérations de déchets (Mwh),62344.0
Côtes-d'Armor,22,01/01/2022,Production d'électricité par incinérations de déchets (Mwh),81943.0
Côtes-d'Armor,22,01/01/2023,Production d'électricité par incinérations de déchets (Mwh),44290.0
Côtes-d'Armor,22,01/01/2024,Production d'électricité par incinérations de déchets (Mwh),72697.0
Finistère,29,01/01/2000,Production d'électricité par incinérations de déchets (Mwh),50067.0
Finistère,29,01/01/2001,Production d'électricité par incinérations de déchets (Mwh),47907.0
Finistère,29,01/01/2002,Production d'électricité par incinérations de déchets (Mwh),47763.0
Finistère,29,01/01/2003,Production d'électricité par incinérations de déchets (Mwh),48960.0
Finistère,29,01/01/2004,Production d'électricité par incinérations de déchets (Mwh),20249.0
Finistère,29,01/01/2005,Production d'électricité par incinérations de déchets (Mwh),24343.0
Finistère,29,01/01/2006,Production d'électricité par incinérations de déchets (Mwh),21619.0
Finistère,29,01/01/2007,Production d'électricité par incinérations de déchets (Mwh),59203.0
Finistère,29,01/01/2008,Production d'électricité par incinérations de déchets (Mwh),41964.0
Finistère,29,01/01/2009,Production d'électricité par incinérations de déchets (Mwh),38693.0
Finistère,29,01/01/2010,Production d'électricité par incinérations de déchets (Mwh),55785.0
Finistère,29,01/01/2011,Production d'électricité par incinérations de déchets (Mwh),39263.0
Finistère,29,01/01/2012,Production d'électricité par incinérations de déchets (Mwh),74751.0
Finistère,29,01/01/2013,Production d'électricité par incinérations de déchets (Mwh),59205.0
Finistère,29,01/01/2014,Production d'électricité par incinérations de déchets (Mwh),60715.0
Finistère,29,01/01/2015,Production d'électricité par incinérations de déchets (Mwh),68484.0
Finistère,29,01/01/2016,Production d'électricité par incinérations de déchets (Mwh),70927.0
Finistère,29,01/01/2017,Production d'électricité par incinérations de déchets (Mwh),51617.0
Finistère,29,01/01/2018,Production d'électricité par incinérations de déchets (Mwh),51170.0
Finistère,29,01/01/2019,Production d'électricité par incinérations de déchets (Mwh),53426.0
Finistère,29,01/01/2020,Production d'électricité par incinérations de déchets (Mwh),53957.0
Finistère,29,01/01/2021,Production d'électricité par incinérations de déchets (Mwh),55325.0
Finistère,29,01/01/2022,Production d'électricité par incinérations de déchets (Mwh),59694.0
Finistère,29,01/01/2023,Production d'électricité par incinérations de déchets (Mwh),56601.0
Finistère,29,01/01/2024,Production d'électricité par incinérations de déchets (Mwh),57102.0
Ille-et-Vilaine,35,01/01/2000,Production d'électricité par incinérations de déchets (Mwh),7763.0
Ille-et-Vilaine,35,01/01/2001,Production d'électricité par incinérations de déchets (Mwh),33338.0
Ille-et-Vilaine,35,01/01/2002,Production d'électricité par incinérations de déchets (Mwh),20550.0
Ille-et-Vilaine,35,01/01/2003,Production d'électricité par incinérations de déchets (Mwh),43892.0
Ille-et-Vilaine,35,01/01/2004,Production d'électricité par incinérations de déchets (Mwh),27530.0
Ille-et-Vilaine,35,01/01/2005,Production d'électricité par incinérations de déchets (Mwh),32639.0
Ille-et-Vilaine,35,01/01/2006,Production d'électricité par incinérations de déchets (Mwh),14077.0
Ille-et-Vilaine,35,01/01/2007,Production d'électricité par incinérations de déchets (Mwh),24625.0
Ille-et-Vilaine,35,01/01/2008,Production d'électricité par incinérations de déchets (Mwh),16508.0
Ille-et-Vilaine,35,01/01/2009,Production d'électricité par incinérations de déchets (Mwh),1269.0
Ille-et-Vilaine,35,01/01/2010,Production d'électricité par incinérations de déchets (Mwh),52905.0
Ille-et-Vilaine,35,01/01/2011,Production d'électricité par incinérations de déchets (Mwh),15763.0
Ille-et-Vilaine,35,01/01/2012,Production d'électricité par incinérations de déchets (Mwh),25961.0
Ille-et-Vilaine,35,01/01/2013,Production d'électricité par incinérations de déchets (Mwh),30481.0
Ille-et-Vilaine,35,01/01/2014,Production d'électricité par incinérations de déchets (Mwh),35538.0
Ille-et-Vilaine,35,01/01/2015,Production d'électricité par incinérations de déchets (Mwh),43756.0
Ille-et-Vilaine,35,01/01/2016,Production d'électricité par incinérations de déchets (Mwh),35276.0
Ille-et-Vilaine,35,01/01/2017,Production d'électricité par incinérations de déchets (Mwh),32976.0
Ille-et-Vilaine,35,01/01/2018,Production d'électricité par incinérations de déchets (Mwh),25949.0
Ille-et-Vilaine,35,01/01/2019,Production d'électricité par incinérations de déchets (Mwh),33737.0
Ille-et-Vilaine,35,01/01/2020,Production d'électricité par incinérations de déchets (Mwh),32494.0
Ille-et-Vilaine,35,01/01/2021,Production d'électricité par incinérations de déchets (Mwh),29820.0
Ille-et-Vilaine,35,01/01/2022,Production d'électricité par incinérations de déchets (Mwh),7839.0
Ille-et-Vilaine,35,01/01/2023,Production d'électricité par incinérations de déchets (Mwh),1429.0
Ille-et-Vilaine,35,01/01/2024,Production d'électricité par incinérations de déchets (Mwh),1440.0
Morbihan,56,01/01/2000,Production d'électricité par incinérations de déchets (Mwh),0.0
Morbihan,56,01/01/2001,Production d'électricité par incinérations de déchets (Mwh),0.0
Morbihan,56,01/01/2002,Production d'électricité par incinérations de déchets (Mwh),0.0
Morbihan,56,01/01/2003,Production d'électricité par incinérations de déchets (Mwh),0.0
Morbihan,56,01/01/2004,Production d'électricité par incinérations de déchets (Mwh),0.0
Morbihan,56,01/01/2005,Production d'électricité par incinérations de déchets (Mwh),0.0
Morbihan,56,01/01/2006,Production d'électricité par incinérations de déchets (Mwh),0.0
Morbihan,56,01/01/2007,Production d'électricité par incinérations de déchets (Mwh),0.0
Morbihan,56,01/01/2008,Production d'électricité par incinérations de déchets (Mwh),0.0
Morbihan,56,01/01/2009,Production d'électricité par incinérations de déchets (Mwh),0.0
Morbihan,56,01/01/2010,Production d'électricité par incinérations de déchets (Mwh),0.0
Morbihan,56,01/01/2011,Production d'électricité par incinérations de déchets (Mwh),0.0
Morbihan,56,01/01/2012,Production d'électricité par incinérations de déchets (Mwh),0.0
Morbihan,56,01/01/2013,Production d'électricité par incinérations de déchets (Mwh),0.0
Morbihan,56,01/01/2014,Production d'électricité par incinérations de déchets (Mwh),0.0
Morbihan,56,01/01/2015,Production d'électricité par incinérations de déchets (Mwh),0.0
Morbihan,56,01/01/2016,Production d'électricité par incinérations de déchets (Mwh),2115.0
Morbihan,56,01/01/2017,Production d'électricité par incinérations de déchets (Mwh),0.0
Morbihan,56,01/01/2018,Production d'électricité par incinérations de déchets (Mwh),0.0
Morbihan,56,01/01/2019,Production d'électricité par incinérations de déchets (Mwh),0.0
Morbihan,56,01/01/2020,Production d'électricité par incinérations de déchets (Mwh),0.0
Morbihan,56,01/01/2021,Production d'électricité par incinérations de déchets (Mwh),0.0
Morbihan,56,01/01/2022,Production d'électricité par incinérations de déchets (Mwh),0.0
Morbihan,56,01/01/2023,Production d'électricité par incinérations de déchets (Mwh),0.0
Morbihan,56,01/01/2024,Production d'électricité par incinérations de déchets (Mwh),0.0
Côtes-d'Armor,22,01/01/2000,Production d'électricité fossile (Mwh),65.0
Côtes-d'Armor,22,01/01/2001,Production d'électricité fossile (Mwh),65.0
Côtes-d'Armor,22,01/01/2002,Production d'électricité fossile (Mwh),65.0
Côtes-d'Armor,22,01/01/2003,Production d'électricité fossile (Mwh),65.0
Côtes-d'Armor,22,01/01/2004,Production d'électricité fossile (Mwh),65.0
Côtes-d'Armor,22,01/01/2005,Production d'électricité fossile (Mwh),65.0
Côtes-d'Armor,22,01/01/2006,Production d'électricité fossile (Mwh),65.0
Côtes-d'Armor,22,01/01/2007,Production d'électricité fossile (Mwh),65.0
Côtes-d'Armor,22,01/01/2008,Production d'électricité fossile (Mwh),65.0
Côtes-d'Armor,22,01/01/2009,Production d'électricité fossile (Mwh),65.0
Côtes-d'Armor,22,01/01/2010,Production d'électricité fossile (Mwh),65.0
Côtes-d'Armor,22,01/01/2011,Production d'électricité fossile (Mwh),7556.0
Côtes-d'Armor,22,01/01/2012,Production d'électricité fossile (Mwh),12357.0
Côtes-d'Armor,22,01/01/2013,Production d'électricité fossile (Mwh),21574.0
Côtes-d'Armor,22,01/01/2014,Production d'électricité fossile (Mwh),28520.0
Côtes-d'Armor,22,01/01/2015,Production d'électricité fossile (Mwh),35970.0
Côtes-d'Armor,22,01/01/2016,Production d'électricité fossile (Mwh),100412.0
Côtes-d'Armor,22,01/01/2017,Production d'électricité fossile (Mwh),131474.0
Côtes-d'Armor,22,01/01/2018,Production d'électricité fossile (Mwh),149309.0
Côtes-d'Armor,22,01/01/2019,Production d'électricité fossile (Mwh),166243.0
Côtes-d'Armor,22,01/01/2020,Production d'électricité fossile (Mwh),172792.0
Côtes-d'Armor,22,01/01/2021,Production d'électricité fossile (Mwh),187570.0
Côtes-d'Armor,22,01/01/2022,Production d'électricité fossile (Mwh),247519.0
Côtes-d'Armor,22,01/01/2023,Production d'électricité fossile (Mwh),201005.0
Côtes-d'Armor,22,01/01/2024,Production d'électricité fossile (Mwh),176922.0
Finistère,29,01/01/2000,Production d'électricité fossile (Mwh),61397.0
Finistère,29,01/01/2001,Production d'électricité fossile (Mwh),61397.0
Finistère,29,01/01/2002,Production d'électricité fossile (Mwh),61397.0
Finistère,29,01/01/2003,Production d'électricité fossile (Mwh),61397.0
Finistère,29,01/01/2004,Production d'électricité fossile (Mwh),70906.0
Finistère,29,01/01/2005,Production d'électricité fossile (Mwh),70906.0
Finistère,29,01/01/2006,Production d'électricité fossile (Mwh),95756.0
Finistère,29,01/01/2007,Production d'électricité fossile (Mwh),95756.0
Finistère,29,01/01/2008,Production d'électricité fossile (Mwh),95756.0
Finistère,29,01/01/2009,Production d'électricité fossile (Mwh),95756.0
Finistère,29,01/01/2010,Production d'électricité fossile (Mwh),95756.0
Finistère,29,01/01/2011,Production d'électricité fossile (Mwh),177763.0
Finistère,29,01/01/2012,Production d'électricité fossile (Mwh),171672.0
Finistère,29,01/01/2013,Production d'électricité fossile (Mwh),193802.0
Finistère,29,01/01/2014,Production d'électricité fossile (Mwh),243356.0
Finistère,29,01/01/2015,Production d'électricité fossile (Mwh),312899.0
Finistère,29,01/01/2016,Production d'électricité fossile (Mwh),365366.0
Finistère,29,01/01/2017,Production d'électricité fossile (Mwh),419107.0
Finistère,29,01/01/2018,Production d'électricité fossile (Mwh),480248.0
Finistère,29,01/01/2019,Production d'électricité fossile (Mwh),537688.0
Finistère,29,01/01/2020,Production d'électricité fossile (Mwh),549806.0
Finistère,29,01/01/2021,Production d'électricité fossile (Mwh),657560.0
Finistère,29,01/01/2022,Production d'électricité fossile (Mwh),3310977.0
Finistère,29,01/01/2023,Production d'électricité fossile (Mwh),2224255.0
Finistère,29,01/01/2024,Production d'électricité fossile (Mwh),1266512.0
Ille-et-Vilaine,35,01/01/2000,Production d'électricité fossile (Mwh),45626.0
Ille-et-Vilaine,35,01/01/2001,Production d'électricité fossile (Mwh),45626.0
Ille-et-Vilaine,35,01/01/2002,Production d'électricité fossile (Mwh),45626.0
Ille-et-Vilaine,35,01/01/2003,Production d'électricité fossile (Mwh),45626.0
Ille-et-Vilaine,35,01/01/2004,Production d'électricité fossile (Mwh),45626.0
Ille-et-Vilaine,35,01/01/2005,Production d'électricité fossile (Mwh),56047.0
Ille-et-Vilaine,35,01/01/2006,Production d'électricité fossile (Mwh),56047.0
Ille-et-Vilaine,35,01/01/2007,Production d'électricité fossile (Mwh),56047.0
Ille-et-Vilaine,35,01/01/2008,Production d'électricité fossile (Mwh),56047.0
Ille-et-Vilaine,35,01/01/2009,Production d'électricité fossile (Mwh),56047.0
Ille-et-Vilaine,35,01/01/2010,Production d'électricité fossile (Mwh),69832.0
Ille-et-Vilaine,35,01/01/2011,Production d'électricité fossile (Mwh),120702.0
Ille-et-Vilaine,35,01/01/2012,Production d'électricité fossile (Mwh),103795.0
Ille-et-Vilaine,35,01/01/2013,Production d'électricité fossile (Mwh),91612.0
Ille-et-Vilaine,35,01/01/2014,Production d'électricité fossile (Mwh),76926.0
Ille-et-Vilaine,35,01/01/2015,Production d'électricité fossile (Mwh),101829.0
Ille-et-Vilaine,35,01/01/2016,Production d'électricité fossile (Mwh),133447.0
Ille-et-Vilaine,35,01/01/2017,Production d'électricité fossile (Mwh),144309.0
Ille-et-Vilaine,35,01/01/2018,Production d'électricité fossile (Mwh),145928.0
Ille-et-Vilaine,35,01/01/2019,Production d'électricité fossile (Mwh),164487.0
Ille-et-Vilaine,35,01/01/2020,Production d'électricité fossile (Mwh),174191.0
Ille-et-Vilaine,35,01/01/2021,Production d'électricité fossile (Mwh),181026.0
Ille-et-Vilaine,35,01/01/2022,Production d'électricité fossile (Mwh),185213.0
Ille-et-Vilaine,35,01/01/2023,Production d'électricité fossile (Mwh),173098.0
Ille-et-Vilaine,35,01/01/2024,Production d'électricité fossile (Mwh),171523.0
Morbihan,56,01/01/2000,Production d'électricité fossile (Mwh),218.0
Morbihan,56,01/01/2001,Production d'électricité fossile (Mwh),218.0
Morbihan,56,01/01/2002,Production d'électricité fossile (Mwh),218.0
Morbihan,56,01/01/2003,Production d'électricité fossile (Mwh),218.0
Morbihan,56,01/01/2004,Production d'électricité fossile (Mwh),218.0
Morbihan,56,01/01/2005,Production d'électricité fossile (Mwh),218.0
Morbihan,56,01/01/2006,Production d'électricité fossile (Mwh),218.0
Morbihan,56,01/01/2007,Production d'électricité fossile (Mwh),218.0
Morbihan,56,01/01/2008,Production d'électricité fossile (Mwh),218.0
Morbihan,56,01/01/2009,Production d'électricité fossile (Mwh),218.0
Morbihan,56,01/01/2010,Production d'électricité fossile (Mwh),218.0
Morbihan,56,01/01/2011,Production d'électricité fossile (Mwh),4484.0
Morbihan,56,01/01/2012,Production d'électricité fossile (Mwh),4315.0
Morbihan,56,01/01/2013,Production d'électricité fossile (Mwh),1682.0
Morbihan,56,01/01/2014,Production d'électricité fossile (Mwh),146.0
Morbihan,56,01/01/2015,Production d'électricité fossile (Mwh),3534.0
Morbihan,56,01/01/2016,Production d'électricité fossile (Mwh),4076.0
Morbihan,56,01/01/2017,Production d'électricité fossile (Mwh),4059.0
Morbihan,56,01/01/2018,Production d'électricité fossile (Mwh),3690.0
Morbihan,56,01/01/2019,Production d'électricité fossile (Mwh),3631.0
Morbihan,56,01/01/2020,Production d'électricité fossile (Mwh),4401.0
Morbihan,56,01/01/2021,Production d'électricité fossile (Mwh),4384.0
Morbihan,56,01/01/2022,Production d'électricité fossile (Mwh),5498.0
Morbihan,56,01/01/2023,Production d'électricité fossile (Mwh),4783.0
Morbihan,56,01/01/2024,Production d'électricité fossile (Mwh),4596.0
Côtes-d'Armor,22,01/01/2000,Production de chaleur par incinérations de déchets (Mwh),10022.0
Côtes-d'Armor,22,01/01/2001,Production de chaleur par incinérations de déchets (Mwh),8589.0
Côtes-d'Armor,22,01/01/2002,Production de chaleur par incinérations de déchets (Mwh),6932.0
Côtes-d'Armor,22,01/01/2003,Production de chaleur par incinérations de déchets (Mwh),8440.0
Côtes-d'Armor,22,01/01/2004,Production de chaleur par incinérations de déchets (Mwh),7185.0
Côtes-d'Armor,22,01/01/2005,Production de chaleur par incinérations de déchets (Mwh),8948.0
Côtes-d'Armor,22,01/01/2006,Production de chaleur par incinérations de déchets (Mwh),8340.0
Côtes-d'Armor,22,01/01/2007,Production de chaleur par incinérations de déchets (Mwh),9721.0
Côtes-d'Armor,22,01/01/2008,Production de chaleur par incinérations de déchets (Mwh),10083.0
Côtes-d'Armor,22,01/01/2009,Production de chaleur par incinérations de déchets (Mwh),9258.0
Côtes-d'Armor,22,01/01/2010,Production de chaleur par incinérations de déchets (Mwh),26002.0
Côtes-d'Armor,22,01/01/2011,Production de chaleur par incinérations de déchets (Mwh),23785.0
Côtes-d'Armor,22,01/01/2012,Production de chaleur par incinérations de déchets (Mwh),22538.0
Côtes-d'Armor,22,01/01/2013,Production de chaleur par incinérations de déchets (Mwh),23593.0
Côtes-d'Armor,22,01/01/2014,Production de chaleur par incinérations de déchets (Mwh),21661.0
Côtes-d'Armor,22,01/01/2015,Production de chaleur par incinérations de déchets (Mwh),27202.0
Côtes-d'Armor,22,01/01/2016,Production de chaleur par incinérations de déchets (Mwh),19785.0
Côtes-d'Armor,22,01/01/2017,Production de chaleur par incinérations de déchets (Mwh),14094.0
Côtes-d'Armor,22,01/01/2018,Production de chaleur par incinérations de déchets (Mwh),14364.0
Côtes-d'Armor,22,01/01/2019,Production de chaleur par incinérations de déchets (Mwh),17319.0
Côtes-d'Armor,22,01/01/2020,Production de chaleur par incinérations de déchets (Mwh),11720.0
Côtes-d'Armor,22,01/01/2021,Production de chaleur par incinérations de déchets (Mwh),24414.0
Côtes-d'Armor,22,01/01/2022,Production de chaleur par incinérations de déchets (Mwh),21405.0
Côtes-d'Armor,22,01/01/2023,Production de chaleur par incinérations de déchets (Mwh),19236.0
Côtes-d'Armor,22,01/01/2024,Production de chaleur par incinérations de déchets (Mwh),13569.0
Finistère,29,01/01/2000,Production de chaleur par incinérations de déchets (Mwh),146559.0
Finistère,29,01/01/2001,Production de chaleur par incinérations de déchets (Mwh),146559.0
Finistère,29,01/01/2002,Production de chaleur par incinérations de déchets (Mwh),146559.0
Finistère,29,01/01/2003,Production de chaleur par incinérations de déchets (Mwh),124520.0
Finistère,29,01/01/2004,Production de chaleur par incinérations de déchets (Mwh),130894.0
Finistère,29,01/01/2005,Production de chaleur par incinérations de déchets (Mwh),126818.0
Finistère,29,01/01/2006,Production de chaleur par incinérations de déchets (Mwh),128368.0
Finistère,29,01/01/2007,Production de chaleur par incinérations de déchets (Mwh),129413.0
Finistère,29,01/01/2008,Production de chaleur par incinérations de déchets (Mwh),138728.0
Finistère,29,01/01/2009,Production de chaleur par incinérations de déchets (Mwh),140930.0
Finistère,29,01/01/2010,Production de chaleur par incinérations de déchets (Mwh),145728.0
Finistère,29,01/01/2011,Production de chaleur par incinérations de déchets (Mwh),127384.0
Finistère,29,01/01/2012,Production de chaleur par incinérations de déchets (Mwh),159826.0
Finistère,29,01/01/2013,Production de chaleur par incinérations de déchets (Mwh),168710.0
Finistère,29,01/01/2014,Production de chaleur par incinérations de déchets (Mwh),171884.0
Finistère,29,01/01/2015,Production de chaleur par incinérations de déchets (Mwh),181457.0
Finistère,29,01/01/2016,Production de chaleur par incinérations de déchets (Mwh),211764.0
Finistère,29,01/01/2017,Production de chaleur par incinérations de déchets (Mwh),249778.0
Finistère,29,01/01/2018,Production de chaleur par incinérations de déchets (Mwh),249090.0
Finistère,29,01/01/2019,Production de chaleur par incinérations de déchets (Mwh),225945.0
Finistère,29,01/01/2020,Production de chaleur par incinérations de déchets (Mwh),258491.0
Finistère,29,01/01/2021,Production de chaleur par incinérations de déchets (Mwh),227066.0
Finistère,29,01/01/2022,Production de chaleur par incinérations de déchets (Mwh),234431.0
Finistère,29,01/01/2023,Production de chaleur par incinérations de déchets (Mwh),221729.0
Finistère,29,01/01/2024,Production de chaleur par incinérations de déchets (Mwh),236258.0
Ille-et-Vilaine,35,01/01/2000,Production de chaleur par incinérations de déchets (Mwh),107729.0
Ille-et-Vilaine,35,01/01/2001,Production de chaleur par incinérations de déchets (Mwh),117547.0
Ille-et-Vilaine,35,01/01/2002,Production de chaleur par incinérations de déchets (Mwh),117547.0
Ille-et-Vilaine,35,01/01/2003,Production de chaleur par incinérations de déchets (Mwh),117547.0
Ille-et-Vilaine,35,01/01/2004,Production de chaleur par incinérations de déchets (Mwh),111833.0
Ille-et-Vilaine,35,01/01/2005,Production de chaleur par incinérations de déchets (Mwh),81775.0
Ille-et-Vilaine,35,01/01/2006,Production de chaleur par incinérations de déchets (Mwh),94866.0
Ille-et-Vilaine,35,01/01/2007,Production de chaleur par incinérations de déchets (Mwh),104687.0
Ille-et-Vilaine,35,01/01/2008,Production de chaleur par incinérations de déchets (Mwh),108514.0
Ille-et-Vilaine,35,01/01/2009,Production de chaleur par incinérations de déchets (Mwh),115157.0
Ille-et-Vilaine,35,01/01/2010,Production de chaleur par incinérations de déchets (Mwh),148727.0
Ille-et-Vilaine,35,01/01/2011,Production de chaleur par incinérations de déchets (Mwh),133718.0
Ille-et-Vilaine,35,01/01/2012,Production de chaleur par incinérations de déchets (Mwh),153949.0
Ille-et-Vilaine,35,01/01/2013,Production de chaleur par incinérations de déchets (Mwh),158776.0
Ille-et-Vilaine,35,01/01/2014,Production de chaleur par incinérations de déchets (Mwh),152239.0
Ille-et-Vilaine,35,01/01/2015,Production de chaleur par incinérations de déchets (Mwh),153700.0
Ille-et-Vilaine,35,01/01/2016,Production de chaleur par incinérations de déchets (Mwh),163031.0
Ille-et-Vilaine,35,01/01/2017,Production de chaleur par incinérations de déchets (Mwh),155627.0
Ille-et-Vilaine,35,01/01/2018,Production de chaleur par incinérations de déchets (Mwh),159365.0
Ille-et-Vilaine,35,01/01/2019,Production de chaleur par incinérations de déchets (Mwh),110174.0
Ille-et-Vilaine,35,01/01/2020,Production de chaleur par incinérations de déchets (Mwh),148846.0
Ille-et-Vilaine,35,01/01/2021,Production de chaleur par incinérations de déchets (Mwh),124081.0
Ille-et-Vilaine,35,01/01/2022,Production de chaleur par incinérations de déchets (Mwh),104490.0
Ille-et-Vilaine,35,01/01/2023,Production de chaleur par incinérations de déchets (Mwh),71920.0
Ille-et-Vilaine,35,01/01/2024,Production de chaleur par incinérations de déchets (Mwh),67032.0
Morbihan,56,01/01/2000,Production de chaleur par incinérations de déchets (Mwh),35103.0
Morbihan,56,01/01/2001,Production de chaleur par incinérations de déchets (Mwh),35103.0
Morbihan,56,01/01/2002,Production de chaleur par incinérations de déchets (Mwh),35103.0
Morbihan,56,01/01/2003,Production de chaleur par incinérations de déchets (Mwh),35103.0
Morbihan,56,01/01/2004,Production de chaleur par incinérations de déchets (Mwh),52134.0
Morbihan,56,01/01/2005,Production de chaleur par incinérations de déchets (Mwh),35103.0
Morbihan,56,01/01/2006,Production de chaleur par incinérations de déchets (Mwh),39000.0
Morbihan,56,01/01/2007,Production de chaleur par incinérations de déchets (Mwh),37857.0
Morbihan,56,01/01/2008,Production de chaleur par incinérations de déchets (Mwh),42337.0
Morbihan,56,01/01/2009,Production de chaleur par incinérations de déchets (Mwh),33939.0
Morbihan,56,01/01/2010,Production de chaleur par incinérations de déchets (Mwh),32899.0
Morbihan,56,01/01/2011,Production de chaleur par incinérations de déchets (Mwh),31989.0
Morbihan,56,01/01/2012,Production de chaleur par incinérations de déchets (Mwh),46172.0
Morbihan,56,01/01/2013,Production de chaleur par incinérations de déchets (Mwh),46756.0
Morbihan,56,01/01/2014,Production de chaleur par incinérations de déchets (Mwh),28290.0
Morbihan,56,01/01/2015,Production de chaleur par incinérations de déchets (Mwh),44317.0
Morbihan,56,01/01/2016,Production de chaleur par incinérations de déchets (Mwh),43743.0
Morbihan,56,01/01/2017,Production de chaleur par incinérations de déchets (Mwh),47478.0
Morbihan,56,01/01/2018,Production de chaleur par incinérations de déchets (Mwh),44570.0
Morbihan,56,01/01/2019,Production de chaleur par incinérations de déchets (Mwh),49154.0
Morbihan,56,01/01/2020,Production de chaleur par incinérations de déchets (Mwh),0.0
Morbihan,56,01/01/2021,Production de chaleur par incinérations de déchets (Mwh),65431.0
Morbihan,56,01/01/2022,Production de chaleur par incinérations de déchets (Mwh),47601.0
Morbihan,56,01/01/2023,Production de chaleur par incinérations de déchets (Mwh),46175.0
Morbihan,56,01/01/2024,Production de chaleur par incinérations de déchets (Mwh),40855.0
Côtes-d'Armor,22,01/01/2000,Production de chaleur fossile (Mwh),1050.0
Côtes-d'Armor,22,01/01/2001,Production de chaleur fossile (Mwh),1066.0
Côtes-d'Armor,22,01/01/2002,Production de chaleur fossile (Mwh),975.0
Côtes-d'Armor,22,01/01/2003,Production de chaleur fossile (Mwh),1164.0
Côtes-d'Armor,22,01/01/2004,Production de chaleur fossile (Mwh),1220.0
Côtes-d'Armor,22,01/01/2005,Production de chaleur fossile (Mwh),1194.0
Côtes-d'Armor,22,01/01/2006,Production de chaleur fossile (Mwh),1189.0
Côtes-d'Armor,22,01/01/2007,Production de chaleur fossile (Mwh),1039.0
Côtes-d'Armor,22,01/01/2008,Production de chaleur fossile (Mwh),1237.0
Côtes-d'Armor,22,01/01/2009,Production de chaleur fossile (Mwh),1276.0
Côtes-d'Armor,22,01/01/2010,Production de chaleur fossile (Mwh),1566.0
Côtes-d'Armor,22,01/01/2011,Production de chaleur fossile (Mwh),9253.0
Côtes-d'Armor,22,01/01/2012,Production de chaleur fossile (Mwh),14997.0
Côtes-d'Armor,22,01/01/2013,Production de chaleur fossile (Mwh),25582.0
Côtes-d'Armor,22,01/01/2014,Production de chaleur fossile (Mwh),33090.0
Côtes-d'Armor,22,01/01/2015,Production de chaleur fossile (Mwh),46892.0
Côtes-d'Armor,22,01/01/2016,Production de chaleur fossile (Mwh),118154.0
Côtes-d'Armor,22,01/01/2017,Production de chaleur fossile (Mwh),155540.0
Côtes-d'Armor,22,01/01/2018,Production de chaleur fossile (Mwh),174246.0
Côtes-d'Armor,22,01/01/2019,Production de chaleur fossile (Mwh),189929.0
Côtes-d'Armor,22,01/01/2020,Production de chaleur fossile (Mwh),198368.0
Côtes-d'Armor,22,01/01/2021,Production de chaleur fossile (Mwh),213879.0
Côtes-d'Armor,22,01/01/2022,Production de chaleur fossile (Mwh),282120.0
Côtes-d'Armor,22,01/01/2023,Production de chaleur fossile (Mwh),228617.0
Côtes-d'Armor,22,01/01/2024,Production de chaleur fossile (Mwh),201183.0
Finistère,29,01/01/2000,Production de chaleur fossile (Mwh),13185.0
Finistère,29,01/01/2001,Production de chaleur fossile (Mwh),13185.0
Finistère,29,01/01/2002,Production de chaleur fossile (Mwh),13185.0
Finistère,29,01/01/2003,Production de chaleur fossile (Mwh),11368.0
Finistère,29,01/01/2004,Production de chaleur fossile (Mwh),22815.0
Finistère,29,01/01/2005,Production de chaleur fossile (Mwh),19963.0
Finistère,29,01/01/2006,Production de chaleur fossile (Mwh),49956.0
Finistère,29,01/01/2007,Production de chaleur fossile (Mwh),47888.0
Finistère,29,01/01/2008,Production de chaleur fossile (Mwh),48638.0
Finistère,29,01/01/2009,Production de chaleur fossile (Mwh),53585.0
Finistère,29,01/01/2010,Production de chaleur fossile (Mwh),68991.0
Finistère,29,01/01/2011,Production de chaleur fossile (Mwh),129886.0
Finistère,29,01/01/2012,Production de chaleur fossile (Mwh),125812.0
Finistère,29,01/01/2013,Production de chaleur fossile (Mwh),152294.0
Finistère,29,01/01/2014,Production de chaleur fossile (Mwh),193537.0
Finistère,29,01/01/2015,Production de chaleur fossile (Mwh),270061.0
Finistère,29,01/01/2016,Production de chaleur fossile (Mwh),340552.0
Finistère,29,01/01/2017,Production de chaleur fossile (Mwh),446136.0
Finistère,29,01/01/2018,Production de chaleur fossile (Mwh),531322.0
Finistère,29,01/01/2019,Production de chaleur fossile (Mwh),575238.0
Finistère,29,01/01/2020,Production de chaleur fossile (Mwh),546071.0
Finistère,29,01/01/2021,Production de chaleur fossile (Mwh),586841.0
Finistère,29,01/01/2022,Production de chaleur fossile (Mwh),742938.0
Finistère,29,01/01/2023,Production de chaleur fossile (Mwh),646073.0
Finistère,29,01/01/2024,Production de chaleur fossile (Mwh),579971.0
Ille-et-Vilaine,35,01/01/2000,Production de chaleur fossile (Mwh),103395.0
Ille-et-Vilaine,35,01/01/2001,Production de chaleur fossile (Mwh),105409.0
Ille-et-Vilaine,35,01/01/2002,Production de chaleur fossile (Mwh),102075.0
Ille-et-Vilaine,35,01/01/2003,Production de chaleur fossile (Mwh),105175.0
Ille-et-Vilaine,35,01/01/2004,Production de chaleur fossile (Mwh),104787.0
Ille-et-Vilaine,35,01/01/2005,Production de chaleur fossile (Mwh),111088.0
Ille-et-Vilaine,35,01/01/2006,Production de chaleur fossile (Mwh),113918.0
Ille-et-Vilaine,35,01/01/2007,Production de chaleur fossile (Mwh),112870.0
Ille-et-Vilaine,35,01/01/2008,Production de chaleur fossile (Mwh),116463.0
Ille-et-Vilaine,35,01/01/2009,Production de chaleur fossile (Mwh),117982.0
Ille-et-Vilaine,35,01/01/2010,Production de chaleur fossile (Mwh),144488.0
Ille-et-Vilaine,35,01/01/2011,Production de chaleur fossile (Mwh),149815.0
Ille-et-Vilaine,35,01/01/2012,Production de chaleur fossile (Mwh),150007.0
Ille-et-Vilaine,35,01/01/2013,Production de chaleur fossile (Mwh),158495.0
Ille-et-Vilaine,35,01/01/2014,Production de chaleur fossile (Mwh),115363.0
Ille-et-Vilaine,35,01/01/2015,Production de chaleur fossile (Mwh),142849.0
Ille-et-Vilaine,35,01/01/2016,Production de chaleur fossile (Mwh),190040.0
Ille-et-Vilaine,35,01/01/2017,Production de chaleur fossile (Mwh),213022.0
Ille-et-Vilaine,35,01/01/2018,Production de chaleur fossile (Mwh),221864.0
Ille-et-Vilaine,35,01/01/2019,Production de chaleur fossile (Mwh),240135.0
Ille-et-Vilaine,35,01/01/2020,Production de chaleur fossile (Mwh),257256.0
Ille-et-Vilaine,35,01/01/2021,Production de chaleur fossile (Mwh),308485.0
Ille-et-Vilaine,35,01/01/2022,Production de chaleur fossile (Mwh),356145.0
Ille-et-Vilaine,35,01/01/2023,Production de chaleur fossile (Mwh),409114.0
Ille-et-Vilaine,35,01/01/2024,Production de chaleur fossile (Mwh),427329.0
Morbihan,56,01/01/2000,Production de chaleur fossile (Mwh),33.0
Morbihan,56,01/01/2001,Production de chaleur fossile (Mwh),33.0
Morbihan,56,01/01/2002,Production de chaleur fossile (Mwh),33.0
Morbihan,56,01/01/2003,Production de chaleur fossile (Mwh),440.0
Morbihan,56,01/01/2004,Production de chaleur fossile (Mwh),460.0
Morbihan,56,01/01/2005,Production de chaleur fossile (Mwh),451.0
Morbihan,56,01/01/2006,Production de chaleur fossile (Mwh),449.0
Morbihan,56,01/01/2007,Production de chaleur fossile (Mwh),396.0
Morbihan,56,01/01/2008,Production de chaleur fossile (Mwh),446.0
Morbihan,56,01/01/2009,Production de chaleur fossile (Mwh),459.0
Morbihan,56,01/01/2010,Production de chaleur fossile (Mwh),1582.0
Morbihan,56,01/01/2011,Production de chaleur fossile (Mwh),7838.0
Morbihan,56,01/01/2012,Production de chaleur fossile (Mwh),7933.0
Morbihan,56,01/01/2013,Production de chaleur fossile (Mwh),5537.0
Morbihan,56,01/01/2014,Production de chaleur fossile (Mwh),3294.0
Morbihan,56,01/01/2015,Production de chaleur fossile (Mwh),6924.0
Morbihan,56,01/01/2016,Production de chaleur fossile (Mwh),7811.0
Morbihan,56,01/01/2017,Production de chaleur fossile (Mwh),7784.0
Morbihan,56,01/01/2018,Production de chaleur fossile (Mwh),6975.0
Morbihan,56,01/01/2019,Production de chaleur fossile (Mwh),7815.0
Morbihan,56,01/01/2020,Production de chaleur fossile (Mwh),8172.0
Morbihan,56,01/01/2021,Production de chaleur fossile (Mwh),9116.0
Morbihan,56,01/01/2022,Production de chaleur fossile (Mwh),8502.0
Morbihan,56,01/01/2023,Production de chaleur fossile (Mwh),7534.0
Morbihan,56,01/01/2024,Production de chaleur fossile (Mwh),7757.0
Finistère,29,01/01/2000,Production d'électricité bois domestique et chaufferie (Mwh),0.0
Finistère,29,01/01/2001,Production d'électricité bois domestique et chaufferie (Mwh),0.0
Finistère,29,01/01/2002,Production d'électricité bois domestique et chaufferie (Mwh),0.0
Finistère,29,01/01/2003,Production d'électricité bois domestique et chaufferie (Mwh),0.0
Finistère,29,01/01/2004,Production d'électricité bois domestique et chaufferie (Mwh),0.0
Finistère,29,01/01/2005,Production d'électricité bois domestique et chaufferie (Mwh),0.0
Finistère,29,01/01/2006,Production d'électricité bois domestique et chaufferie (Mwh),0.0
Finistère,29,01/01/2007,Production d'électricité bois domestique et chaufferie (Mwh),0.0
Finistère,29,01/01/2008,Production d'électricité bois domestique et chaufferie (Mwh),0.0
Finistère,29,01/01/2009,Production d'électricité bois domestique et chaufferie (Mwh),0.0
Finistère,29,01/01/2010,Production d'électricité bois domestique et chaufferie (Mwh),0.0
Finistère,29,01/01/2011,Production d'électricité bois domestique et chaufferie (Mwh),0.0
Finistère,29,01/01/2012,Production d'électricité bois domestique et chaufferie (Mwh),0.0
Finistère,29,01/01/2013,Production d'électricité bois domestique et chaufferie (Mwh),0.0
Finistère,29,01/01/2014,Production d'électricité bois domestique et chaufferie (Mwh),0.0
Finistère,29,01/01/2015,Production d'électricité bois domestique et chaufferie (Mwh),0.0
Finistère,29,01/01/2016,Production d'électricité bois domestique et chaufferie (Mwh),0.0
Finistère,29,01/01/2017,Production d'électricité bois domestique et chaufferie (Mwh),1503.0
Finistère,29,01/01/2018,Production d'électricité bois domestique et chaufferie (Mwh),28558.0
Finistère,29,01/01/2019,Production d'électricité bois domestique et chaufferie (Mwh),29341.0
Finistère,29,01/01/2020,Production d'électricité bois domestique et chaufferie (Mwh),28642.0
Finistère,29,01/01/2021,Production d'électricité bois domestique et chaufferie (Mwh),29369.0
Finistère,29,01/01/2022,Production d'électricité bois domestique et chaufferie (Mwh),29784.0
Finistère,29,01/01/2023,Production d'électricité bois domestique et chaufferie (Mwh),24846.0
Finistère,29,01/01/2024,Production d'électricité bois domestique et chaufferie (Mwh),24239.0
Ille-et-Vilaine,35,01/01/2000,Production d'électricité bois domestique et chaufferie (Mwh),0.0
Ille-et-Vilaine,35,01/01/2001,Production d'électricité bois domestique et chaufferie (Mwh),0.0
Ille-et-Vilaine,35,01/01/2002,Production d'électricité bois domestique et chaufferie (Mwh),0.0
Ille-et-Vilaine,35,01/01/2003,Production d'électricité bois domestique et chaufferie (Mwh),0.0
Ille-et-Vilaine,35,01/01/2004,Production d'électricité bois domestique et chaufferie (Mwh),0.0
Ille-et-Vilaine,35,01/01/2005,Production d'électricité bois domestique et chaufferie (Mwh),0.0
Ille-et-Vilaine,35,01/01/2006,Production d'électricité bois domestique et chaufferie (Mwh),0.0
Ille-et-Vilaine,35,01/01/2007,Production d'électricité bois domestique et chaufferie (Mwh),0.0
Ille-et-Vilaine,35,01/01/2008,Production d'électricité bois domestique et chaufferie (Mwh),0.0
Ille-et-Vilaine,35,01/01/2009,Production d'électricité bois domestique et chaufferie (Mwh),0.0
Ille-et-Vilaine,35,01/01/2010,Production d'électricité bois domestique et chaufferie (Mwh),0.0
Ille-et-Vilaine,35,01/01/2011,Production d'électricité bois domestique et chaufferie (Mwh),0.0
Ille-et-Vilaine,35,01/01/2012,Production d'électricité bois domestique et chaufferie (Mwh),0.0
Ille-et-Vilaine,35,01/01/2013,Production d'électricité bois domestique et chaufferie (Mwh),32598.0
Ille-et-Vilaine,35,01/01/2014,Production d'électricité bois domestique et chaufferie (Mwh),71166.0
Ille-et-Vilaine,35,01/01/2015,Production d'électricité bois domestique et chaufferie (Mwh),69795.0
Ille-et-Vilaine,35,01/01/2016,Production d'électricité bois domestique et chaufferie (Mwh),70306.0
Ille-et-Vilaine,35,01/01/2017,Production d'électricité bois domestique et chaufferie (Mwh),68104.0
Ille-et-Vilaine,35,01/01/2018,Production d'électricité bois domestique et chaufferie (Mwh),70128.0
Ille-et-Vilaine,35,01/01/2019,Production d'électricité bois domestique et chaufferie (Mwh),62887.0
Ille-et-Vilaine,35,01/01/2020,Production d'électricité bois domestique et chaufferie (Mwh),65365.0
Ille-et-Vilaine,35,01/01/2021,Production d'électricité bois domestique et chaufferie (Mwh),67640.0
Ille-et-Vilaine,35,01/01/2022,Production d'électricité bois domestique et chaufferie (Mwh),71148.0
Ille-et-Vilaine,35,01/01/2023,Production d'électricité bois domestique et chaufferie (Mwh),64451.0
Ille-et-Vilaine,35,01/01/2024,Production d'électricité bois domestique et chaufferie (Mwh),67635.0
Côtes-d'Armor,22,01/01/2000,Production de chaleur bois domestique et chaufferie (Mwh),761111.0
Côtes-d'Armor,22,01/01/2001,Production de chaleur bois domestique et chaufferie (Mwh),768490.0
Côtes-d'Armor,22,01/01/2002,Production de chaleur bois domestique et chaufferie (Mwh),703205.0
Côtes-d'Armor,22,01/01/2003,Production de chaleur bois domestique et chaufferie (Mwh),765382.0
Côtes-d'Armor,22,01/01/2004,Production de chaleur bois domestique et chaufferie (Mwh),783915.0
Côtes-d'Armor,22,01/01/2005,Production de chaleur bois domestique et chaufferie (Mwh),776757.0
Côtes-d'Armor,22,01/01/2006,Production de chaleur bois domestique et chaufferie (Mwh),810280.0
Côtes-d'Armor,22,01/01/2007,Production de chaleur bois domestique et chaufferie (Mwh),766482.0
Côtes-d'Armor,22,01/01/2008,Production de chaleur bois domestique et chaufferie (Mwh),834660.0
Côtes-d'Armor,22,01/01/2009,Production de chaleur bois domestique et chaufferie (Mwh),857468.0
Côtes-d'Armor,22,01/01/2010,Production de chaleur bois domestique et chaufferie (Mwh),961861.0
Côtes-d'Armor,22,01/01/2011,Production de chaleur bois domestique et chaufferie (Mwh),772999.0
Côtes-d'Armor,22,01/01/2012,Production de chaleur bois domestique et chaufferie (Mwh),897358.0
Côtes-d'Armor,22,01/01/2013,Production de chaleur bois domestique et chaufferie (Mwh),939649.0
Côtes-d'Armor,22,01/01/2014,Production de chaleur bois domestique et chaufferie (Mwh),871534.0
Côtes-d'Armor,22,01/01/2015,Production de chaleur bois domestique et chaufferie (Mwh),1004671.0
Côtes-d'Armor,22,01/01/2016,Production de chaleur bois domestique et chaufferie (Mwh),1198240.0
Côtes-d'Armor,22,01/01/2017,Production de chaleur bois domestique et chaufferie (Mwh),1134316.0
Côtes-d'Armor,22,01/01/2018,Production de chaleur bois domestique et chaufferie (Mwh),1141170.0
Côtes-d'Armor,22,01/01/2019,Production de chaleur bois domestique et chaufferie (Mwh),1154153.0
Côtes-d'Armor,22,01/01/2020,Production de chaleur bois domestique et chaufferie (Mwh),1072106.0
Côtes-d'Armor,22,01/01/2021,Production de chaleur bois domestique et chaufferie (Mwh),1219677.0
Côtes-d'Armor,22,01/01/2022,Production de chaleur bois domestique et chaufferie (Mwh),1145814.0
Côtes-d'Armor,22,01/01/2023,Production de chaleur bois domestique et chaufferie (Mwh),1187034.0
Côtes-d'Armor,22,01/01/2024,Production de chaleur bois domestique et chaufferie (Mwh),1249100.0
Finistère,29,01/01/2000,Production de chaleur bois domestique et chaufferie (Mwh),997546.0
Finistère,29,01/01/2001,Production de chaleur bois domestique et chaufferie (Mwh),1006081.0
Finistère,29,01/01/2002,Production de chaleur bois domestique et chaufferie (Mwh),922658.0
Finistère,29,01/01/2003,Production de chaleur bois domestique et chaufferie (Mwh),1011577.0
Finistère,29,01/01/2004,Production de chaleur bois domestique et chaufferie (Mwh),1035844.0
Finistère,29,01/01/2005,Production de chaleur bois domestique et chaufferie (Mwh),1025980.0
Finistère,29,01/01/2006,Production de chaleur bois domestique et chaufferie (Mwh),1136860.0
Finistère,29,01/01/2007,Production de chaleur bois domestique et chaufferie (Mwh),1098782.0
Finistère,29,01/01/2008,Production de chaleur bois domestique et chaufferie (Mwh),1216423.0
Finistère,29,01/01/2009,Production de chaleur bois domestique et chaufferie (Mwh),1282248.0
Finistère,29,01/01/2010,Production de chaleur bois domestique et chaufferie (Mwh),1423796.0
Finistère,29,01/01/2011,Production de chaleur bois domestique et chaufferie (Mwh),1159015.0
Finistère,29,01/01/2012,Production de chaleur bois domestique et chaufferie (Mwh),1359432.0
Finistère,29,01/01/2013,Production de chaleur bois domestique et chaufferie (Mwh),1413317.0
Finistère,29,01/01/2014,Production de chaleur bois domestique et chaufferie (Mwh),1265882.0
Finistère,29,01/01/2015,Production de chaleur bois domestique et chaufferie (Mwh),1441337.0
Finistère,29,01/01/2016,Production de chaleur bois domestique et chaufferie (Mwh),1671341.0
Finistère,29,01/01/2017,Production de chaleur bois domestique et chaufferie (Mwh),1587828.0
Finistère,29,01/01/2018,Production de chaleur bois domestique et chaufferie (Mwh),1647324.0
Finistère,29,01/01/2019,Production de chaleur bois domestique et chaufferie (Mwh),1637182.0
Finistère,29,01/01/2020,Production de chaleur bois domestique et chaufferie (Mwh),1517905.0
Finistère,29,01/01/2021,Production de chaleur bois domestique et chaufferie (Mwh),1718215.0
Finistère,29,01/01/2022,Production de chaleur bois domestique et chaufferie (Mwh),1632618.0
Finistère,29,01/01/2023,Production de chaleur bois domestique et chaufferie (Mwh),1689529.0
Finistère,29,01/01/2024,Production de chaleur bois domestique et chaufferie (Mwh),1769359.0
Ille-et-Vilaine,35,01/01/2000,Production de chaleur bois domestique et chaufferie (Mwh),889668.0
Ille-et-Vilaine,35,01/01/2001,Production de chaleur bois domestique et chaufferie (Mwh),902558.0
Ille-et-Vilaine,35,01/01/2002,Production de chaleur bois domestique et chaufferie (Mwh),832719.0
Ille-et-Vilaine,35,01/01/2003,Production de chaleur bois domestique et chaufferie (Mwh),905214.0
Ille-et-Vilaine,35,01/01/2004,Production de chaleur bois domestique et chaufferie (Mwh),926640.0
Ille-et-Vilaine,35,01/01/2005,Production de chaleur bois domestique et chaufferie (Mwh),917964.0
Ille-et-Vilaine,35,01/01/2006,Production de chaleur bois domestique et chaufferie (Mwh),966213.0
Ille-et-Vilaine,35,01/01/2007,Production de chaleur bois domestique et chaufferie (Mwh),915773.0
Ille-et-Vilaine,35,01/01/2008,Production de chaleur bois domestique et chaufferie (Mwh),990236.0
Ille-et-Vilaine,35,01/01/2009,Production de chaleur bois domestique et chaufferie (Mwh),1043221.0
Ille-et-Vilaine,35,01/01/2010,Production de chaleur bois domestique et chaufferie (Mwh),1164082.0
Ille-et-Vilaine,35,01/01/2011,Production de chaleur bois domestique et chaufferie (Mwh),948558.0
Ille-et-Vilaine,35,01/01/2012,Production de chaleur bois domestique et chaufferie (Mwh),1135227.0
Ille-et-Vilaine,35,01/01/2013,Production de chaleur bois domestique et chaufferie (Mwh),1167761.0
Ille-et-Vilaine,35,01/01/2014,Production de chaleur bois domestique et chaufferie (Mwh),1159815.0
Ille-et-Vilaine,35,01/01/2015,Production de chaleur bois domestique et chaufferie (Mwh),1328902.0
Ille-et-Vilaine,35,01/01/2016,Production de chaleur bois domestique et chaufferie (Mwh),1552792.0
Ille-et-Vilaine,35,01/01/2017,Production de chaleur bois domestique et chaufferie (Mwh),1458708.0
Ille-et-Vilaine,35,01/01/2018,Production de chaleur bois domestique et chaufferie (Mwh),1472598.0
Ille-et-Vilaine,35,01/01/2019,Production de chaleur bois domestique et chaufferie (Mwh),1461889.0
Ille-et-Vilaine,35,01/01/2020,Production de chaleur bois domestique et chaufferie (Mwh),1355175.0
Ille-et-Vilaine,35,01/01/2021,Production de chaleur bois domestique et chaufferie (Mwh),1541275.0
Ille-et-Vilaine,35,01/01/2022,Production de chaleur bois domestique et chaufferie (Mwh),1468438.0
Ille-et-Vilaine,35,01/01/2023,Production de chaleur bois domestique et chaufferie (Mwh),1536586.0
Ille-et-Vilaine,35,01/01/2024,Production de chaleur bois domestique et chaufferie (Mwh),1665361.0
Morbihan,56,01/01/2000,Production de chaleur bois domestique et chaufferie (Mwh),821546.0
Morbihan,56,01/01/2001,Production de chaleur bois domestique et chaufferie (Mwh),828159.0
Morbihan,56,01/01/2002,Production de chaleur bois domestique et chaufferie (Mwh),759626.0
Morbihan,56,01/01/2003,Production de chaleur bois domestique et chaufferie (Mwh),830056.0
Morbihan,56,01/01/2004,Production de chaleur bois domestique et chaufferie (Mwh),851606.0
Morbihan,56,01/01/2005,Production de chaleur bois domestique et chaufferie (Mwh),842757.0
Morbihan,56,01/01/2006,Production de chaleur bois domestique et chaufferie (Mwh),877413.0
Morbihan,56,01/01/2007,Production de chaleur bois domestique et chaufferie (Mwh),829166.0
Morbihan,56,01/01/2008,Production de chaleur bois domestique et chaufferie (Mwh),898137.0
Morbihan,56,01/01/2009,Production de chaleur bois domestique et chaufferie (Mwh),925755.0
Morbihan,56,01/01/2010,Production de chaleur bois domestique et chaufferie (Mwh),1041495.0
Morbihan,56,01/01/2011,Production de chaleur bois domestique et chaufferie (Mwh),849437.0
Morbihan,56,01/01/2012,Production de chaleur bois domestique et chaufferie (Mwh),981613.0
Morbihan,56,01/01/2013,Production de chaleur bois domestique et chaufferie (Mwh),983675.0
Morbihan,56,01/01/2014,Production de chaleur bois domestique et chaufferie (Mwh),881212.0
Morbihan,56,01/01/2015,Production de chaleur bois domestique et chaufferie (Mwh),1053075.0
Morbihan,56,01/01/2016,Production de chaleur bois domestique et chaufferie (Mwh),1224731.0
Morbihan,56,01/01/2017,Production de chaleur bois domestique et chaufferie (Mwh),1163327.0
Morbihan,56,01/01/2018,Production de chaleur bois domestique et chaufferie (Mwh),1173148.0
Morbihan,56,01/01/2019,Production de chaleur bois domestique et chaufferie (Mwh),1165496.0
Morbihan,56,01/01/2020,Production de chaleur bois domestique et chaufferie (Mwh),1074213.0
Morbihan,56,01/01/2021,Production de chaleur bois domestique et chaufferie (Mwh),1229195.0
Morbihan,56,01/01/2022,Production de chaleur bois domestique et chaufferie (Mwh),1162435.0
Morbihan,56,01/01/2023,Production de chaleur bois domestique et chaufferie (Mwh),1225041.0
Morbihan,56,01/01/2024,Production de chaleur bois domestique et chaufferie (Mwh),1289521.0
Côtes-d'Armor,22,01/01/2000,Production d'électricité par méthanisation (Mwh),0.0
Côtes-d'Armor,22,01/01/2001,Production d'électricité par méthanisation (Mwh),0.0
Côtes-d'Armor,22,01/01/2002,Production d'électricité par méthanisation (Mwh),0.0
Côtes-d'Armor,22,01/01/2003,Production d'électricité par méthanisation (Mwh),0.0
Côtes-d'Armor,22,01/01/2004,Production d'électricité par méthanisation (Mwh),0.0
Côtes-d'Armor,22,01/01/2005,Production d'électricité par méthanisation (Mwh),0.0
Côtes-d'Armor,22,01/01/2006,Production d'électricité par méthanisation (Mwh),0.0
Côtes-d'Armor,22,01/01/2007,Production d'électricité par méthanisation (Mwh),0.0
Côtes-d'Armor,22,01/01/2008,Production d'électricité par méthanisation (Mwh),28.0
Côtes-d'Armor,22,01/01/2009,Production d'électricité par méthanisation (Mwh),898.0
Côtes-d'Armor,22,01/01/2010,Production d'électricité par méthanisation (Mwh),1972.0
Côtes-d'Armor,22,01/01/2011,Production d'électricité par méthanisation (Mwh),3768.0
Côtes-d'Armor,22,01/01/2012,Production d'électricité par méthanisation (Mwh),12126.0
Côtes-d'Armor,22,01/01/2013,Production d'électricité par méthanisation (Mwh),14764.0
Côtes-d'Armor,22,01/01/2014,Production d'électricité par méthanisation (Mwh),18109.0
Côtes-d'Armor,22,01/01/2015,Production d'électricité par méthanisation (Mwh),21144.0
Côtes-d'Armor,22,01/01/2016,Production d'électricité par méthanisation (Mwh),24836.0
Côtes-d'Armor,22,01/01/2017,Production d'électricité par méthanisation (Mwh),32177.0
Côtes-d'Armor,22,01/01/2018,Production d'électricité par méthanisation (Mwh),39975.0
Côtes-d'Armor,22,01/01/2019,Production d'électricité par méthanisation (Mwh),38400.0
Côtes-d'Armor,22,01/01/2020,Production d'électricité par méthanisation (Mwh),55753.0
Côtes-d'Armor,22,01/01/2021,Production d'électricité par méthanisation (Mwh),55494.0
Côtes-d'Armor,22,01/01/2022,Production d'électricité par méthanisation (Mwh),64579.0
Côtes-d'Armor,22,01/01/2023,Production d'électricité par méthanisation (Mwh),72262.0
Côtes-d'Armor,22,01/01/2024,Production d'électricité par méthanisation (Mwh),76141.0
Finistère,29,01/01/2000,Production d'électricité par méthanisation (Mwh),0.0
Finistère,29,01/01/2001,Production d'électricité par méthanisation (Mwh),0.0
Finistère,29,01/01/2002,Production d'électricité par méthanisation (Mwh),0.0
Finistère,29,01/01/2003,Production d'électricité par méthanisation (Mwh),0.0
Finistère,29,01/01/2004,Production d'électricité par méthanisation (Mwh),0.0
Finistère,29,01/01/2005,Production d'électricité par méthanisation (Mwh),0.0
Finistère,29,01/01/2006,Production d'électricité par méthanisation (Mwh),0.0
Finistère,29,01/01/2007,Production d'électricité par méthanisation (Mwh),0.0
Finistère,29,01/01/2008,Production d'électricité par méthanisation (Mwh),0.0
Finistère,29,01/01/2009,Production d'électricité par méthanisation (Mwh),0.0
Finistère,29,01/01/2010,Production d'électricité par méthanisation (Mwh),0.0
Finistère,29,01/01/2011,Production d'électricité par méthanisation (Mwh),470.0
Finistère,29,01/01/2012,Production d'électricité par méthanisation (Mwh),1611.0
Finistère,29,01/01/2013,Production d'électricité par méthanisation (Mwh),2908.0
Finistère,29,01/01/2014,Production d'électricité par méthanisation (Mwh),5287.0
Finistère,29,01/01/2015,Production d'électricité par méthanisation (Mwh),12698.0
Finistère,29,01/01/2016,Production d'électricité par méthanisation (Mwh),18162.0
Finistère,29,01/01/2017,Production d'électricité par méthanisation (Mwh),18358.0
Finistère,29,01/01/2018,Production d'électricité par méthanisation (Mwh),19049.0
Finistère,29,01/01/2019,Production d'électricité par méthanisation (Mwh),26030.0
Finistère,29,01/01/2020,Production d'électricité par méthanisation (Mwh),38658.0
Finistère,29,01/01/2021,Production d'électricité par méthanisation (Mwh),43230.0
Finistère,29,01/01/2022,Production d'électricité par méthanisation (Mwh),42902.0
Finistère,29,01/01/2023,Production d'électricité par méthanisation (Mwh),38828.0
Finistère,29,01/01/2024,Production d'électricité par méthanisation (Mwh),36518.0
Ille-et-Vilaine,35,01/01/2000,Production d'électricité par méthanisation (Mwh),0.0
Ille-et-Vilaine,35,01/01/2001,Production d'électricité par méthanisation (Mwh),0.0
Ille-et-Vilaine,35,01/01/2002,Production d'électricité par méthanisation (Mwh),0.0
Ille-et-Vilaine,35,01/01/2003,Production d'électricité par méthanisation (Mwh),0.0
Ille-et-Vilaine,35,01/01/2004,Production d'électricité par méthanisation (Mwh),0.0
Ille-et-Vilaine,35,01/01/2005,Production d'électricité par méthanisation (Mwh),0.0
Ille-et-Vilaine,35,01/01/2006,Production d'électricité par méthanisation (Mwh),0.0
Ille-et-Vilaine,35,01/01/2007,Production d'électricité par méthanisation (Mwh),0.0
Ille-et-Vilaine,35,01/01/2008,Production d'électricité par méthanisation (Mwh),0.0
Ille-et-Vilaine,35,01/01/2009,Production d'électricité par méthanisation (Mwh),0.0
Ille-et-Vilaine,35,01/01/2010,Production d'électricité par méthanisation (Mwh),1400.0
Ille-et-Vilaine,35,01/01/2011,Production d'électricité par méthanisation (Mwh),1201.0
Ille-et-Vilaine,35,01/01/2012,Production d'électricité par méthanisation (Mwh),3607.0
Ille-et-Vilaine,35,01/01/2013,Production d'électricité par méthanisation (Mwh),6232.0
Ille-et-Vilaine,35,01/01/2014,Production d'électricité par méthanisation (Mwh),9018.0
Ille-et-Vilaine,35,01/01/2015,Production d'électricité par méthanisation (Mwh),11671.0
Ille-et-Vilaine,35,01/01/2016,Production d'électricité par méthanisation (Mwh),12965.0
Ille-et-Vilaine,35,01/01/2017,Production d'électricité par méthanisation (Mwh),14414.0
Ille-et-Vilaine,35,01/01/2018,Production d'électricité par méthanisation (Mwh),33241.0
Ille-et-Vilaine,35,01/01/2019,Production d'électricité par méthanisation (Mwh),41241.0
Ille-et-Vilaine,35,01/01/2020,Production d'électricité par méthanisation (Mwh),49868.0
Ille-et-Vilaine,35,01/01/2021,Production d'électricité par méthanisation (Mwh),53002.0
Ille-et-Vilaine,35,01/01/2022,Production d'électricité par méthanisation (Mwh),55904.0
Ille-et-Vilaine,35,01/01/2023,Production d'électricité par méthanisation (Mwh),56484.0
Ille-et-Vilaine,35,01/01/2024,Production d'électricité par méthanisation (Mwh),59776.0
Morbihan,56,01/01/2000,Production d'électricité par méthanisation (Mwh),0.0
Morbihan,56,01/01/2001,Production d'électricité par méthanisation (Mwh),0.0
Morbihan,56,01/01/2002,Production d'électricité par méthanisation (Mwh),0.0
Morbihan,56,01/01/2003,Production d'électricité par méthanisation (Mwh),0.0
Morbihan,56,01/01/2004,Production d'électricité par méthanisation (Mwh),0.0
Morbihan,56,01/01/2005,Production d'électricité par méthanisation (Mwh),0.0
Morbihan,56,01/01/2006,Production d'électricité par méthanisation (Mwh),0.0
Morbihan,56,01/01/2007,Production d'électricité par méthanisation (Mwh),0.0
Morbihan,56,01/01/2008,Production d'électricité par méthanisation (Mwh),0.0
Morbihan,56,01/01/2009,Production d'électricité par méthanisation (Mwh),0.0
Morbihan,56,01/01/2010,Production d'électricité par méthanisation (Mwh),534.0
Morbihan,56,01/01/2011,Production d'électricité par méthanisation (Mwh),9618.0
Morbihan,56,01/01/2012,Production d'électricité par méthanisation (Mwh),18896.0
Morbihan,56,01/01/2013,Production d'électricité par méthanisation (Mwh),26741.0
Morbihan,56,01/01/2014,Production d'électricité par méthanisation (Mwh),29000.0
Morbihan,56,01/01/2015,Production d'électricité par méthanisation (Mwh),32249.0
Morbihan,56,01/01/2016,Production d'électricité par méthanisation (Mwh),36949.0
Morbihan,56,01/01/2017,Production d'électricité par méthanisation (Mwh),53535.0
Morbihan,56,01/01/2018,Production d'électricité par méthanisation (Mwh),60265.0
Morbihan,56,01/01/2019,Production d'électricité par méthanisation (Mwh),66914.0
Morbihan,56,01/01/2020,Production d'électricité par méthanisation (Mwh),70783.0
Morbihan,56,01/01/2021,Production d'électricité par méthanisation (Mwh),79112.0
Morbihan,56,01/01/2022,Production d'électricité par méthanisation (Mwh),81619.0
Morbihan,56,01/01/2023,Production d'électricité par méthanisation (Mwh),89094.0
Morbihan,56,01/01/2024,Production d'électricité par méthanisation (Mwh),93061.0
Côtes-d'Armor,22,01/01/2005,Production de chaleur par les pompes à chaleur (aérothermie et géothermie) (Mwh),18344.0
Côtes-d'Armor,22,01/01/2006,Production de chaleur par les pompes à chaleur (aérothermie et géothermie) (Mwh),34685.0
Côtes-d'Armor,22,01/01/2007,Production de chaleur par les pompes à chaleur (aérothermie et géothermie) (Mwh),37269.0
Côtes-d'Armor,22,01/01/2008,Production de chaleur par les pompes à chaleur (aérothermie et géothermie) (Mwh),48501.0
Côtes-d'Armor,22,01/01/2009,Production de chaleur par les pompes à chaleur (aérothermie et géothermie) (Mwh),60723.0
Côtes-d'Armor,22,01/01/2010,Production de chaleur par les pompes à chaleur (aérothermie et géothermie) (Mwh),76986.0
Côtes-d'Armor,22,01/01/2011,Production de chaleur par les pompes à chaleur (aérothermie et géothermie) (Mwh),69018.0
Côtes-d'Armor,22,01/01/2012,Production de chaleur par les pompes à chaleur (aérothermie et géothermie) (Mwh),97795.0
Côtes-d'Armor,22,01/01/2013,Production de chaleur par les pompes à chaleur (aérothermie et géothermie) (Mwh),128094.0
Côtes-d'Armor,22,01/01/2014,Production de chaleur par les pompes à chaleur (aérothermie et géothermie) (Mwh),132220.0
Côtes-d'Armor,22,01/01/2015,Production de chaleur par les pompes à chaleur (aérothermie et géothermie) (Mwh),156776.0
Côtes-d'Armor,22,01/01/2016,Production de chaleur par les pompes à chaleur (aérothermie et géothermie) (Mwh),202639.0
Côtes-d'Armor,22,01/01/2017,Production de chaleur par les pompes à chaleur (aérothermie et géothermie) (Mwh),219651.0
Côtes-d'Armor,22,01/01/2018,Production de chaleur par les pompes à chaleur (aérothermie et géothermie) (Mwh),258776.0
Côtes-d'Armor,22,01/01/2019,Production de chaleur par les pompes à chaleur (aérothermie et géothermie) (Mwh),302811.0
Côtes-d'Armor,22,01/01/2020,Production de chaleur par les pompes à chaleur (aérothermie et géothermie) (Mwh),313848.0
Côtes-d'Armor,22,01/01/2021,Production de chaleur par les pompes à chaleur (aérothermie et géothermie) (Mwh),386631.0
Côtes-d'Armor,22,01/01/2022,Production de chaleur par les pompes à chaleur (aérothermie et géothermie) (Mwh),386281.0
Côtes-d'Armor,22,01/01/2023,Production de chaleur par les pompes à chaleur (aérothermie et géothermie) (Mwh),457504.0
Côtes-d'Armor,22,01/01/2024,Production de chaleur par les pompes à chaleur (aérothermie et géothermie) (Mwh),515762.0
Finistère,29,01/01/2005,Production de chaleur par les pompes à chaleur (aérothermie et géothermie) (Mwh),24131.0
Finistère,29,01/01/2006,Production de chaleur par les pompes à chaleur (aérothermie et géothermie) (Mwh),45624.0
Finistère,29,01/01/2007,Production de chaleur par les pompes à chaleur (aérothermie et géothermie) (Mwh),49047.0
Finistère,29,01/01/2008,Production de chaleur par les pompes à chaleur (aérothermie et géothermie) (Mwh),63803.0
Finistère,29,01/01/2009,Production de chaleur par les pompes à chaleur (aérothermie et géothermie) (Mwh),79887.0
Finistère,29,01/01/2010,Production de chaleur par les pompes à chaleur (aérothermie et géothermie) (Mwh),101287.0
Finistère,29,01/01/2011,Production de chaleur par les pompes à chaleur (aérothermie et géothermie) (Mwh),90800.0
Finistère,29,01/01/2012,Production de chaleur par les pompes à chaleur (aérothermie et géothermie) (Mwh),128647.0
Finistère,29,01/01/2013,Production de chaleur par les pompes à chaleur (aérothermie et géothermie) (Mwh),168520.0
Finistère,29,01/01/2014,Production de chaleur par les pompes à chaleur (aérothermie et géothermie) (Mwh),173934.0
Finistère,29,01/01/2015,Production de chaleur par les pompes à chaleur (aérothermie et géothermie) (Mwh),206267.0
Finistère,29,01/01/2016,Production de chaleur par les pompes à chaleur (aérothermie et géothermie) (Mwh),266580.0
Finistère,29,01/01/2017,Production de chaleur par les pompes à chaleur (aérothermie et géothermie) (Mwh),288971.0
Finistère,29,01/01/2018,Production de chaleur par les pompes à chaleur (aérothermie et géothermie) (Mwh),340478.0
Finistère,29,01/01/2019,Production de chaleur par les pompes à chaleur (aérothermie et géothermie) (Mwh),398386.0
Finistère,29,01/01/2020,Production de chaleur par les pompes à chaleur (aérothermie et géothermie) (Mwh),412897.0
Finistère,29,01/01/2021,Production de chaleur par les pompes à chaleur (aérothermie et géothermie) (Mwh),508655.0
Finistère,29,01/01/2022,Production de chaleur par les pompes à chaleur (aérothermie et géothermie) (Mwh),508203.0
Finistère,29,01/01/2023,Production de chaleur par les pompes à chaleur (aérothermie et géothermie) (Mwh),601895.0
Finistère,29,01/01/2024,Production de chaleur par les pompes à chaleur (aérothermie et géothermie) (Mwh),678529.0
Ille-et-Vilaine,35,01/01/2005,Production de chaleur par les pompes à chaleur (aérothermie et géothermie) (Mwh),20059.0
Ille-et-Vilaine,35,01/01/2006,Production de chaleur par les pompes à chaleur (aérothermie et géothermie) (Mwh),37913.0
Ille-et-Vilaine,35,01/01/2007,Production de chaleur par les pompes à chaleur (aérothermie et géothermie) (Mwh),40759.0
Ille-et-Vilaine,35,01/01/2008,Production de chaleur par les pompes à chaleur (aérothermie et géothermie) (Mwh),53038.0
Ille-et-Vilaine,35,01/01/2009,Production de chaleur par les pompes à chaleur (aérothermie et géothermie) (Mwh),66413.0
Ille-et-Vilaine,35,01/01/2010,Production de chaleur par les pompes à chaleur (aérothermie et géothermie) (Mwh),84177.0
Ille-et-Vilaine,35,01/01/2011,Production de chaleur par les pompes à chaleur (aérothermie et géothermie) (Mwh),75460.0
Ille-et-Vilaine,35,01/01/2012,Production de chaleur par les pompes à chaleur (aérothermie et géothermie) (Mwh),106928.0
Ille-et-Vilaine,35,01/01/2013,Production de chaleur par les pompes à chaleur (aérothermie et géothermie) (Mwh),140064.0
Ille-et-Vilaine,35,01/01/2014,Production de chaleur par les pompes à chaleur (aérothermie et géothermie) (Mwh),144565.0
Ille-et-Vilaine,35,01/01/2015,Production de chaleur par les pompes à chaleur (aérothermie et géothermie) (Mwh),171428.0
Ille-et-Vilaine,35,01/01/2016,Production de chaleur par les pompes à chaleur (aérothermie et géothermie) (Mwh),221565.0
Ille-et-Vilaine,35,01/01/2017,Production de chaleur par les pompes à chaleur (aérothermie et géothermie) (Mwh),240168.0
Ille-et-Vilaine,35,01/01/2018,Production de chaleur par les pompes à chaleur (aérothermie et géothermie) (Mwh),282964.0
Ille-et-Vilaine,35,01/01/2019,Production de chaleur par les pompes à chaleur (aérothermie et géothermie) (Mwh),331100.0
Ille-et-Vilaine,35,01/01/2020,Production de chaleur par les pompes à chaleur (aérothermie et géothermie) (Mwh),343165.0
Ille-et-Vilaine,35,01/01/2021,Production de chaleur par les pompes à chaleur (aérothermie et géothermie) (Mwh),422754.0
Ille-et-Vilaine,35,01/01/2022,Production de chaleur par les pompes à chaleur (aérothermie et géothermie) (Mwh),422364.0
Ille-et-Vilaine,35,01/01/2023,Production de chaleur par les pompes à chaleur (aérothermie et géothermie) (Mwh),500239.0
Ille-et-Vilaine,35,01/01/2024,Production de chaleur par les pompes à chaleur (aérothermie et géothermie) (Mwh),563926.0
Morbihan,56,01/01/2005,Production de chaleur par les pompes à chaleur (aérothermie et géothermie) (Mwh),20890.0
Morbihan,56,01/01/2006,Production de chaleur par les pompes à chaleur (aérothermie et géothermie) (Mwh),39492.0
Morbihan,56,01/01/2007,Production de chaleur par les pompes à chaleur (aérothermie et géothermie) (Mwh),42446.0
Morbihan,56,01/01/2008,Production de chaleur par les pompes à chaleur (aérothermie et géothermie) (Mwh),55238.0
Morbihan,56,01/01/2009,Production de chaleur par les pompes à chaleur (aérothermie et géothermie) (Mwh),69152.0
Morbihan,56,01/01/2010,Production de chaleur par les pompes à chaleur (aérothermie et géothermie) (Mwh),87678.0
Morbihan,56,01/01/2011,Production de chaleur par les pompes à chaleur (aérothermie et géothermie) (Mwh),78602.0
Morbihan,56,01/01/2012,Production de chaleur par les pompes à chaleur (aérothermie et géothermie) (Mwh),111368.0
Morbihan,56,01/01/2013,Production de chaleur par les pompes à chaleur (aérothermie et géothermie) (Mwh),145881.0
Morbihan,56,01/01/2014,Production de chaleur par les pompes à chaleur (aérothermie et géothermie) (Mwh),150569.0
Morbihan,56,01/01/2015,Production de chaleur par les pompes à chaleur (aérothermie et géothermie) (Mwh),178542.0
Morbihan,56,01/01/2016,Production de chaleur par les pompes à chaleur (aérothermie et géothermie) (Mwh),230770.0
Morbihan,56,01/01/2017,Production de chaleur par les pompes à chaleur (aérothermie et géothermie) (Mwh),250152.0
Morbihan,56,01/01/2018,Production de chaleur par les pompes à chaleur (aérothermie et géothermie) (Mwh),294727.0
Morbihan,56,01/01/2019,Production de chaleur par les pompes à chaleur (aérothermie et géothermie) (Mwh),344859.0
Morbihan,56,01/01/2020,Production de chaleur par les pompes à chaleur (aérothermie et géothermie) (Mwh),357429.0
Morbihan,56,01/01/2021,Production de chaleur par les pompes à chaleur (aérothermie et géothermie) (Mwh),440312.0
Morbihan,56,01/01/2022,Production de chaleur par les pompes à chaleur (aérothermie et géothermie) (Mwh),439921.0
Morbihan,56,01/01/2023,Production de chaleur par les pompes à chaleur (aérothermie et géothermie) (Mwh),521030.0
Morbihan,56,01/01/2024,Production de chaleur par les pompes à chaleur (aérothermie et géothermie) (Mwh),587368.0
Côtes-d'Armor,22,01/01/2000,Production de chaleur par méthanisation (Mwh),402.0
Côtes-d'Armor,22,01/01/2001,Production de chaleur par méthanisation (Mwh),402.0
Côtes-d'Armor,22,01/01/2002,Production de chaleur par méthanisation (Mwh),402.0
Côtes-d'Armor,22,01/01/2003,Production de chaleur par méthanisation (Mwh),402.0
Côtes-d'Armor,22,01/01/2004,Production de chaleur par méthanisation (Mwh),402.0
Côtes-d'Armor,22,01/01/2005,Production de chaleur par méthanisation (Mwh),402.0
Côtes-d'Armor,22,01/01/2006,Production de chaleur par méthanisation (Mwh),402.0
Côtes-d'Armor,22,01/01/2007,Production de chaleur par méthanisation (Mwh),402.0
Côtes-d'Armor,22,01/01/2008,Production de chaleur par méthanisation (Mwh),438.0
Côtes-d'Armor,22,01/01/2009,Production de chaleur par méthanisation (Mwh),1535.0
Côtes-d'Armor,22,01/01/2010,Production de chaleur par méthanisation (Mwh),2889.0
Côtes-d'Armor,22,01/01/2011,Production de chaleur par méthanisation (Mwh),4940.0
Côtes-d'Armor,22,01/01/2012,Production de chaleur par méthanisation (Mwh),14350.0
Côtes-d'Armor,22,01/01/2013,Production de chaleur par méthanisation (Mwh),17342.0
Côtes-d'Armor,22,01/01/2014,Production de chaleur par méthanisation (Mwh),21405.0
Côtes-d'Armor,22,01/01/2015,Production de chaleur par méthanisation (Mwh),25187.0
Côtes-d'Armor,22,01/01/2016,Production de chaleur par méthanisation (Mwh),29199.0
Côtes-d'Armor,22,01/01/2017,Production de chaleur par méthanisation (Mwh),36424.0
Côtes-d'Armor,22,01/01/2018,Production de chaleur par méthanisation (Mwh),43640.0
Côtes-d'Armor,22,01/01/2019,Production de chaleur par méthanisation (Mwh),38907.0
Côtes-d'Armor,22,01/01/2020,Production de chaleur par méthanisation (Mwh),58451.0
Côtes-d'Armor,22,01/01/2021,Production de chaleur par méthanisation (Mwh),65100.0
Côtes-d'Armor,22,01/01/2022,Production de chaleur par méthanisation (Mwh),67040.0
Côtes-d'Armor,22,01/01/2023,Production de chaleur par méthanisation (Mwh),75851.0
Côtes-d'Armor,22,01/01/2024,Production de chaleur par méthanisation (Mwh),79034.0
Finistère,29,01/01/2000,Production de chaleur par méthanisation (Mwh),0.0
Finistère,29,01/01/2001,Production de chaleur par méthanisation (Mwh),0.0
Finistère,29,01/01/2002,Production de chaleur par méthanisation (Mwh),0.0
Finistère,29,01/01/2003,Production de chaleur par méthanisation (Mwh),6056.0
Finistère,29,01/01/2004,Production de chaleur par méthanisation (Mwh),6744.0
Finistère,29,01/01/2005,Production de chaleur par méthanisation (Mwh),7129.0
Finistère,29,01/01/2006,Production de chaleur par méthanisation (Mwh),7129.0
Finistère,29,01/01/2007,Production de chaleur par méthanisation (Mwh),7129.0
Finistère,29,01/01/2008,Production de chaleur par méthanisation (Mwh),7129.0
Finistère,29,01/01/2009,Production de chaleur par méthanisation (Mwh),7153.0
Finistère,29,01/01/2010,Production de chaleur par méthanisation (Mwh),7153.0
Finistère,29,01/01/2011,Production de chaleur par méthanisation (Mwh),7678.0
Finistère,29,01/01/2012,Production de chaleur par méthanisation (Mwh),8953.0
Finistère,29,01/01/2013,Production de chaleur par méthanisation (Mwh),10403.0
Finistère,29,01/01/2014,Production de chaleur par méthanisation (Mwh),13069.0
Finistère,29,01/01/2015,Production de chaleur par méthanisation (Mwh),21556.0
Finistère,29,01/01/2016,Production de chaleur par méthanisation (Mwh),28072.0
Finistère,29,01/01/2017,Production de chaleur par méthanisation (Mwh),26083.0
Finistère,29,01/01/2018,Production de chaleur par méthanisation (Mwh),26438.0
Finistère,29,01/01/2019,Production de chaleur par méthanisation (Mwh),33226.0
Finistère,29,01/01/2020,Production de chaleur par méthanisation (Mwh),46815.0
Finistère,29,01/01/2021,Production de chaleur par méthanisation (Mwh),51607.0
Finistère,29,01/01/2022,Production de chaleur par méthanisation (Mwh),51056.0
Finistère,29,01/01/2023,Production de chaleur par méthanisation (Mwh),42205.0
Finistère,29,01/01/2024,Production de chaleur par méthanisation (Mwh),41472.0
Ille-et-Vilaine,35,01/01/2000,Production de chaleur par méthanisation (Mwh),58.0
Ille-et-Vilaine,35,01/01/2001,Production de chaleur par méthanisation (Mwh),58.0
Ille-et-Vilaine,35,01/01/2002,Production de chaleur par méthanisation (Mwh),58.0
Ille-et-Vilaine,35,01/01/2003,Production de chaleur par méthanisation (Mwh),58.0
Ille-et-Vilaine,35,01/01/2004,Production de chaleur par méthanisation (Mwh),58.0
Ille-et-Vilaine,35,01/01/2005,Production de chaleur par méthanisation (Mwh),58.0
Ille-et-Vilaine,35,01/01/2006,Production de chaleur par méthanisation (Mwh),58.0
Ille-et-Vilaine,35,01/01/2007,Production de chaleur par méthanisation (Mwh),58.0
Ille-et-Vilaine,35,01/01/2008,Production de chaleur par méthanisation (Mwh),271.0
Ille-et-Vilaine,35,01/01/2009,Production de chaleur par méthanisation (Mwh),271.0
Ille-et-Vilaine,35,01/01/2010,Production de chaleur par méthanisation (Mwh),2036.0
Ille-et-Vilaine,35,01/01/2011,Production de chaleur par méthanisation (Mwh),1785.0
Ille-et-Vilaine,35,01/01/2012,Production de chaleur par méthanisation (Mwh),4764.0
Ille-et-Vilaine,35,01/01/2013,Production de chaleur par méthanisation (Mwh),7819.0
Ille-et-Vilaine,35,01/01/2014,Production de chaleur par méthanisation (Mwh),11008.0
Ille-et-Vilaine,35,01/01/2015,Production de chaleur par méthanisation (Mwh),13924.0
Ille-et-Vilaine,35,01/01/2016,Production de chaleur par méthanisation (Mwh),15320.0
Ille-et-Vilaine,35,01/01/2017,Production de chaleur par méthanisation (Mwh),17308.0
Ille-et-Vilaine,35,01/01/2018,Production de chaleur par méthanisation (Mwh),33617.0
Ille-et-Vilaine,35,01/01/2019,Production de chaleur par méthanisation (Mwh),41861.0
Ille-et-Vilaine,35,01/01/2020,Production de chaleur par méthanisation (Mwh),51037.0
Ille-et-Vilaine,35,01/01/2021,Production de chaleur par méthanisation (Mwh),59303.0
Ille-et-Vilaine,35,01/01/2022,Production de chaleur par méthanisation (Mwh),61087.0
Ille-et-Vilaine,35,01/01/2023,Production de chaleur par méthanisation (Mwh),61949.0
Ille-et-Vilaine,35,01/01/2024,Production de chaleur par méthanisation (Mwh),65748.0
Morbihan,56,01/01/2000,Production de chaleur par méthanisation (Mwh),0.0
Morbihan,56,01/01/2001,Production de chaleur par méthanisation (Mwh),0.0
Morbihan,56,01/01/2002,Production de chaleur par méthanisation (Mwh),0.0
Morbihan,56,01/01/2003,Production de chaleur par méthanisation (Mwh),0.0
Morbihan,56,01/01/2004,Production de chaleur par méthanisation (Mwh),0.0
Morbihan,56,01/01/2005,Production de chaleur par méthanisation (Mwh),0.0
Morbihan,56,01/01/2006,Production de chaleur par méthanisation (Mwh),0.0
Morbihan,56,01/01/2007,Production de chaleur par méthanisation (Mwh),0.0
Morbihan,56,01/01/2008,Production de chaleur par méthanisation (Mwh),0.0
Morbihan,56,01/01/2009,Production de chaleur par méthanisation (Mwh),0.0
Morbihan,56,01/01/2010,Production de chaleur par méthanisation (Mwh),611.0
Morbihan,56,01/01/2011,Production de chaleur par méthanisation (Mwh),10895.0
Morbihan,56,01/01/2012,Production de chaleur par méthanisation (Mwh),21300.0
Morbihan,56,01/01/2013,Production de chaleur par méthanisation (Mwh),30031.0
Morbihan,56,01/01/2014,Production de chaleur par méthanisation (Mwh),32558.0
Morbihan,56,01/01/2015,Production de chaleur par méthanisation (Mwh),36183.0
Morbihan,56,01/01/2016,Production de chaleur par méthanisation (Mwh),41424.0
Morbihan,56,01/01/2017,Production de chaleur par méthanisation (Mwh),50898.0
Morbihan,56,01/01/2018,Production de chaleur par méthanisation (Mwh),60186.0
Morbihan,56,01/01/2019,Production de chaleur par méthanisation (Mwh),68442.0
Morbihan,56,01/01/2020,Production de chaleur par méthanisation (Mwh),69849.0
Morbihan,56,01/01/2021,Production de chaleur par méthanisation (Mwh),80156.0
Morbihan,56,01/01/2022,Production de chaleur par méthanisation (Mwh),84330.0
Morbihan,56,01/01/2023,Production de chaleur par méthanisation (Mwh),93501.0
Morbihan,56,01/01/2024,Production de chaleur par méthanisation (Mwh),94487.0
Côtes-d'Armor,22,01/01/2000,Production de Biométhane (Mwh),0.0
Côtes-d'Armor,22,01/01/2001,Production de Biométhane (Mwh),0.0
Côtes-d'Armor,22,01/01/2002,Production de Biométhane (Mwh),0.0
Côtes-d'Armor,22,01/01/2003,Production de Biométhane (Mwh),0.0
Côtes-d'Armor,22,01/01/2004,Production de Biométhane (Mwh),0.0
Côtes-d'Armor,22,01/01/2005,Production de Biométhane (Mwh),0.0
Côtes-d'Armor,22,01/01/2006,Production de Biométhane (Mwh),0.0
Côtes-d'Armor,22,01/01/2007,Production de Biométhane (Mwh),0.0
Côtes-d'Armor,22,01/01/2008,Production de Biométhane (Mwh),0.0
Côtes-d'Armor,22,01/01/2009,Production de Biométhane (Mwh),0.0
Côtes-d'Armor,22,01/01/2010,Production de Biométhane (Mwh),0.0
Côtes-d'Armor,22,01/01/2011,Production de Biométhane (Mwh),0.0
Côtes-d'Armor,22,01/01/2012,Production de Biométhane (Mwh),0.0
Côtes-d'Armor,22,01/01/2013,Production de Biométhane (Mwh),0.0
Côtes-d'Armor,22,01/01/2014,Production de Biométhane (Mwh),0.0
Côtes-d'Armor,22,01/01/2015,Production de Biométhane (Mwh),0.0
Côtes-d'Armor,22,01/01/2016,Production de Biométhane (Mwh),0.0
Côtes-d'Armor,22,01/01/2017,Production de Biométhane (Mwh),0.0
Côtes-d'Armor,22,01/01/2018,Production de Biométhane (Mwh),0.0
Côtes-d'Armor,22,01/01/2019,Production de Biométhane (Mwh),9216.396
Côtes-d'Armor,22,01/01/2020,Production de Biométhane (Mwh),61302.613
Côtes-d'Armor,22,01/01/2021,Production de Biométhane (Mwh),94628.558
Côtes-d'Armor,22,01/01/2022,Production de Biométhane (Mwh),121503.063
Côtes-d'Armor,22,01/01/2023,Production de Biométhane (Mwh),121631.983
Côtes-d'Armor,22,01/01/2024,Production de Biométhane (Mwh),143533.964
Finistère,29,01/01/2000,Production de Biométhane (Mwh),0.0
Finistère,29,01/01/2001,Production de Biométhane (Mwh),0.0
Finistère,29,01/01/2002,Production de Biométhane (Mwh),0.0
Finistère,29,01/01/2003,Production de Biométhane (Mwh),0.0
Finistère,29,01/01/2004,Production de Biométhane (Mwh),0.0
Finistère,29,01/01/2005,Production de Biométhane (Mwh),0.0
Finistère,29,01/01/2006,Production de Biométhane (Mwh),0.0
Finistère,29,01/01/2007,Production de Biométhane (Mwh),0.0
Finistère,29,01/01/2008,Production de Biométhane (Mwh),0.0
Finistère,29,01/01/2009,Production de Biométhane (Mwh),0.0
Finistère,29,01/01/2010,Production de Biométhane (Mwh),0.0
Finistère,29,01/01/2011,Production de Biométhane (Mwh),0.0
Finistère,29,01/01/2012,Production de Biométhane (Mwh),0.0
Finistère,29,01/01/2013,Production de Biométhane (Mwh),0.0
Finistère,29,01/01/2014,Production de Biométhane (Mwh),0.0
Finistère,29,01/01/2015,Production de Biométhane (Mwh),0.0
Finistère,29,01/01/2016,Production de Biométhane (Mwh),0.0
Finistère,29,01/01/2017,Production de Biométhane (Mwh),13099.099
Finistère,29,01/01/2018,Production de Biométhane (Mwh),31359.64
Finistère,29,01/01/2019,Production de Biométhane (Mwh),47111.172000000006
Finistère,29,01/01/2020,Production de Biométhane (Mwh),48347.387
Finistère,29,01/01/2021,Production de Biométhane (Mwh),73766.667
Finistère,29,01/01/2022,Production de Biométhane (Mwh),100774.775
Finistère,29,01/01/2023,Production de Biométhane (Mwh),116129.461
Finistère,29,01/01/2024,Production de Biométhane (Mwh),134406.216
Ille-et-Vilaine,35,01/01/2000,Production de Biométhane (Mwh),0.0
Ille-et-Vilaine,35,01/01/2001,Production de Biométhane (Mwh),0.0
Ille-et-Vilaine,35,01/01/2002,Production de Biométhane (Mwh),0.0
Ille-et-Vilaine,35,01/01/2003,Production de Biométhane (Mwh),0.0
Ille-et-Vilaine,35,01/01/2004,Production de Biométhane (Mwh),0.0
Ille-et-Vilaine,35,01/01/2005,Production de Biométhane (Mwh),0.0
Ille-et-Vilaine,35,01/01/2006,Production de Biométhane (Mwh),0.0
Ille-et-Vilaine,35,01/01/2007,Production de Biométhane (Mwh),0.0
Ille-et-Vilaine,35,01/01/2008,Production de Biométhane (Mwh),0.0
Ille-et-Vilaine,35,01/01/2009,Production de Biométhane (Mwh),0.0
Ille-et-Vilaine,35,01/01/2010,Production de Biométhane (Mwh),0.0
Ille-et-Vilaine,35,01/01/2011,Production de Biométhane (Mwh),0.0
Ille-et-Vilaine,35,01/01/2012,Production de Biométhane (Mwh),0.0
Ille-et-Vilaine,35,01/01/2013,Production de Biométhane (Mwh),0.0
Ille-et-Vilaine,35,01/01/2014,Production de Biométhane (Mwh),0.0
Ille-et-Vilaine,35,01/01/2015,Production de Biométhane (Mwh),1265.766
Ille-et-Vilaine,35,01/01/2016,Production de Biométhane (Mwh),5677.477
Ille-et-Vilaine,35,01/01/2017,Production de Biométhane (Mwh),6189.189
Ille-et-Vilaine,35,01/01/2018,Production de Biométhane (Mwh),6874.775
Ille-et-Vilaine,35,01/01/2019,Production de Biométhane (Mwh),15574.774
Ille-et-Vilaine,35,01/01/2020,Production de Biométhane (Mwh),42049.549
Ille-et-Vilaine,35,01/01/2021,Production de Biométhane (Mwh),119880.09
Ille-et-Vilaine,35,01/01/2022,Production de Biométhane (Mwh),226242.251
Ille-et-Vilaine,35,01/01/2023,Production de Biométhane (Mwh),301109.91
Ille-et-Vilaine,35,01/01/2024,Production de Biométhane (Mwh),392902.971
Morbihan,56,01/01/2000,Production de Biométhane (Mwh),0.0
Morbihan,56,01/01/2001,Production de Biométhane (Mwh),0.0
Morbihan,56,01/01/2002,Production de Biométhane (Mwh),0.0
Morbihan,56,01/01/2003,Production de Biométhane (Mwh),0.0
Morbihan,56,01/01/2004,Production de Biométhane (Mwh),0.0
Morbihan,56,01/01/2005,Production de Biométhane (Mwh),0.0
Morbihan,56,01/01/2006,Production de Biométhane (Mwh),0.0
Morbihan,56,01/01/2007,Production de Biométhane (Mwh),0.0
Morbihan,56,01/01/2008,Production de Biométhane (Mwh),0.0
Morbihan,56,01/01/2009,Production de Biométhane (Mwh),0.0
Morbihan,56,01/01/2010,Production de Biométhane (Mwh),0.0
Morbihan,56,01/01/2011,Production de Biométhane (Mwh),0.0
Morbihan,56,01/01/2012,Production de Biométhane (Mwh),0.0
Morbihan,56,01/01/2013,Production de Biométhane (Mwh),0.0
Morbihan,56,01/01/2014,Production de Biométhane (Mwh),0.0
Morbihan,56,01/01/2015,Production de Biométhane (Mwh),0.0
Morbihan,56,01/01/2016,Production de Biométhane (Mwh),0.0
Morbihan,56,01/01/2017,Production de Biométhane (Mwh),5301.802
Morbihan,56,01/01/2018,Production de Biométhane (Mwh),10315.315
Morbihan,56,01/01/2019,Production de Biométhane (Mwh),37203.603
Morbihan,56,01/01/2020,Production de Biométhane (Mwh),56059.46
Morbihan,56,01/01/2021,Production de Biométhane (Mwh),61216.937000000005
Morbihan,56,01/01/2022,Production de Biométhane (Mwh),85570.18
Morbihan,56,01/01/2023,Production de Biométhane (Mwh),137992.523
Morbihan,56,01/01/2024,Production de Biométhane (Mwh),171379.368
Côtes-d'Armor,22,01/01/2000,Production totale d'électricité (Mwh),120327.0
Côtes-d'Armor,22,01/01/2001,Production totale d'électricité (Mwh),132034.0
Côtes-d'Armor,22,01/01/2002,Production totale d'électricité (Mwh),117967.0
Côtes-d'Armor,22,01/01/2003,Production totale d'électricité (Mwh),84457.0
Côtes-d'Armor,22,01/01/2004,Production totale d'électricité (Mwh),100454.0
Côtes-d'Armor,22,01/01/2005,Production totale d'électricité (Mwh),138086.0
Côtes-d'Armor,22,01/01/2006,Production totale d'électricité (Mwh),123075.0
Côtes-d'Armor,22,01/01/2007,Production totale d'électricité (Mwh),264864.0
Côtes-d'Armor,22,01/01/2008,Production totale d'électricité (Mwh),255161.0
Côtes-d'Armor,22,01/01/2009,Production totale d'électricité (Mwh),303033.0
Côtes-d'Armor,22,01/01/2010,Production totale d'électricité (Mwh),376358.0
Côtes-d'Armor,22,01/01/2011,Production totale d'électricité (Mwh),482036.0
Côtes-d'Armor,22,01/01/2012,Production totale d'électricité (Mwh),571071.0
Côtes-d'Armor,22,01/01/2013,Production totale d'électricité (Mwh),621446.0
Côtes-d'Armor,22,01/01/2014,Production totale d'électricité (Mwh),648845.0
Côtes-d'Armor,22,01/01/2015,Production totale d'électricité (Mwh),671812.0
Côtes-d'Armor,22,01/01/2016,Production totale d'électricité (Mwh),771227.0
Côtes-d'Armor,22,01/01/2017,Production totale d'électricité (Mwh),822154.0
Côtes-d'Armor,22,01/01/2018,Production totale d'électricité (Mwh),919329.0
Côtes-d'Armor,22,01/01/2019,Production totale d'électricité (Mwh),952419.0
Côtes-d'Armor,22,01/01/2020,Production totale d'électricité (Mwh),1087922.0
Côtes-d'Armor,22,01/01/2021,Production totale d'électricité (Mwh),1016329.0
Côtes-d'Armor,22,01/01/2022,Production totale d'électricité (Mwh),1225733.0
Côtes-d'Armor,22,01/01/2023,Production totale d'électricité (Mwh),1449712.0
Côtes-d'Armor,22,01/01/2024,Production totale d'électricité (Mwh),2505699.0
Finistère,29,01/01/2000,Production totale d'électricité (Mwh),140341.0
Finistère,29,01/01/2001,Production totale d'électricité (Mwh),142146.0
Finistère,29,01/01/2002,Production totale d'électricité (Mwh),147378.0
Finistère,29,01/01/2003,Production totale d'électricité (Mwh),147521.0
Finistère,29,01/01/2004,Production totale d'électricité (Mwh),137421.0
Finistère,29,01/01/2005,Production totale d'électricité (Mwh),177960.0
Finistère,29,01/01/2006,Production totale d'électricité (Mwh),241716.0
Finistère,29,01/01/2007,Production totale d'électricité (Mwh),327687.0
Finistère,29,01/01/2008,Production totale d'électricité (Mwh),361897.0
Finistère,29,01/01/2009,Production totale d'électricité (Mwh),391635.0
Finistère,29,01/01/2010,Production totale d'électricité (Mwh),444014.0
Finistère,29,01/01/2011,Production totale d'électricité (Mwh),506264.0
Finistère,29,01/01/2012,Production totale d'électricité (Mwh),569174.0
Finistère,29,01/01/2013,Production totale d'électricité (Mwh),606483.0
Finistère,29,01/01/2014,Production totale d'électricité (Mwh),661475.0
Finistère,29,01/01/2015,Production totale d'électricité (Mwh),747824.0
Finistère,29,01/01/2016,Production totale d'électricité (Mwh),822498.0
Finistère,29,01/01/2017,Production totale d'électricité (Mwh),867934.0
Finistère,29,01/01/2018,Production totale d'électricité (Mwh),1031966.0
Finistère,29,01/01/2019,Production totale d'électricité (Mwh),1137120.0
Finistère,29,01/01/2020,Production totale d'électricité (Mwh),1222296.0
Finistère,29,01/01/2021,Production totale d'électricité (Mwh),1248083.0
Finistère,29,01/01/2022,Production totale d'électricité (Mwh),3882708.0
Finistère,29,01/01/2023,Production totale d'électricité (Mwh),2839989.0
Finistère,29,01/01/2024,Production totale d'électricité (Mwh),1873461.0
Ille-et-Vilaine,35,01/01/2000,Production totale d'électricité (Mwh),555419.0
Ille-et-Vilaine,35,01/01/2001,Production totale d'électricité (Mwh),614494.0
Ille-et-Vilaine,35,01/01/2002,Production totale d'électricité (Mwh),605206.0
Ille-et-Vilaine,35,01/01/2003,Production totale d'électricité (Mwh),620548.0
Ille-et-Vilaine,35,01/01/2004,Production totale d'électricité (Mwh),585526.0
Ille-et-Vilaine,35,01/01/2005,Production totale d'électricité (Mwh),618787.0
Ille-et-Vilaine,35,01/01/2006,Production totale d'électricité (Mwh),587098.0
Ille-et-Vilaine,35,01/01/2007,Production totale d'électricité (Mwh),605887.0
Ille-et-Vilaine,35,01/01/2008,Production totale d'électricité (Mwh),621784.0
Ille-et-Vilaine,35,01/01/2009,Production totale d'électricité (Mwh),629904.0
Ille-et-Vilaine,35,01/01/2010,Production totale d'électricité (Mwh),748920.0
Ille-et-Vilaine,35,01/01/2011,Production totale d'électricité (Mwh),803073.0
Ille-et-Vilaine,35,01/01/2012,Production totale d'électricité (Mwh),792000.0
Ille-et-Vilaine,35,01/01/2013,Production totale d'électricité (Mwh),781850.0
Ille-et-Vilaine,35,01/01/2014,Production totale d'électricité (Mwh),891161.0
Ille-et-Vilaine,35,01/01/2015,Production totale d'électricité (Mwh),964473.0
Ille-et-Vilaine,35,01/01/2016,Production totale d'électricité (Mwh),1010417.0
Ille-et-Vilaine,35,01/01/2017,Production totale d'électricité (Mwh),1057203.0
Ille-et-Vilaine,35,01/01/2018,Production totale d'électricité (Mwh),1097867.0
Ille-et-Vilaine,35,01/01/2019,Production totale d'électricité (Mwh),1193990.0
Ille-et-Vilaine,35,01/01/2020,Production totale d'électricité (Mwh),1260333.0
Ille-et-Vilaine,35,01/01/2021,Production totale d'électricité (Mwh),1258061.0
Ille-et-Vilaine,35,01/01/2022,Production totale d'électricité (Mwh),1283980.0
Ille-et-Vilaine,35,01/01/2023,Production totale d'électricité (Mwh),1307718.0
Ille-et-Vilaine,35,01/01/2024,Production totale d'électricité (Mwh),1341025.0
Morbihan,56,01/01/2000,Production totale d'électricité (Mwh),16218.0
Morbihan,56,01/01/2001,Production totale d'électricité (Mwh),13218.0
Morbihan,56,01/01/2002,Production totale d'électricité (Mwh),10217.0
Morbihan,56,01/01/2003,Production totale d'électricité (Mwh),7353.0
Morbihan,56,01/01/2004,Production totale d'électricité (Mwh),11430.0
Morbihan,56,01/01/2005,Production totale d'électricité (Mwh),19694.0
Morbihan,56,01/01/2006,Production totale d'électricité (Mwh),93442.0
Morbihan,56,01/01/2007,Production totale d'électricité (Mwh),108705.0
Morbihan,56,01/01/2008,Production totale d'électricité (Mwh),131440.0
Morbihan,56,01/01/2009,Production totale d'électricité (Mwh),199421.0
Morbihan,56,01/01/2010,Production totale d'électricité (Mwh),305595.0
Morbihan,56,01/01/2011,Production totale d'électricité (Mwh),409993.0
Morbihan,56,01/01/2012,Production totale d'électricité (Mwh),448196.0
Morbihan,56,01/01/2013,Production totale d'électricité (Mwh),511216.0
Morbihan,56,01/01/2014,Production totale d'électricité (Mwh),563541.0
Morbihan,56,01/01/2015,Production totale d'électricité (Mwh),602062.0
Morbihan,56,01/01/2016,Production totale d'électricité (Mwh),644674.0
Morbihan,56,01/01/2017,Production totale d'électricité (Mwh),604888.0
Morbihan,56,01/01/2018,Production totale d'électricité (Mwh),733819.0
Morbihan,56,01/01/2019,Production totale d'électricité (Mwh),774516.0
Morbihan,56,01/01/2020,Production totale d'électricité (Mwh),886106.0
Morbihan,56,01/01/2021,Production totale d'électricité (Mwh),813294.0
Morbihan,56,01/01/2022,Production totale d'électricité (Mwh),818153.0
Morbihan,56,01/01/2023,Production totale d'électricité (Mwh),1056965.0
Morbihan,56,01/01/2024,Production totale d'électricité (Mwh),946010.0
Côtes-d'Armor,22,01/01/2000,Production totale de chaleur (Mwh),772585.0
Côtes-d'Armor,22,01/01/2001,Production totale de chaleur (Mwh),778547.0
Côtes-d'Armor,22,01/01/2002,Production totale de chaleur (Mwh),711533.0
Côtes-d'Armor,22,01/01/2003,Production totale de chaleur (Mwh),775539.0
Côtes-d'Armor,22,01/01/2004,Production totale de chaleur (Mwh),793048.0
Côtes-d'Armor,22,01/01/2005,Production totale de chaleur (Mwh),806274.0
Côtes-d'Armor,22,01/01/2006,Production totale de chaleur (Mwh),856098.0
Côtes-d'Armor,22,01/01/2007,Production totale de chaleur (Mwh),816667.0
Côtes-d'Armor,22,01/01/2008,Production totale de chaleur (Mwh),897261.0
Côtes-d'Armor,22,01/01/2009,Production totale de chaleur (Mwh),933158.0
Côtes-d'Armor,22,01/01/2010,Production totale de chaleur (Mwh),1072775.0
Côtes-d'Armor,22,01/01/2011,Production totale de chaleur (Mwh),884035.0
Côtes-d'Armor,22,01/01/2012,Production totale de chaleur (Mwh),1051646.0
Côtes-d'Armor,22,01/01/2013,Production totale de chaleur (Mwh),1139434.0
Côtes-d'Armor,22,01/01/2014,Production totale de chaleur (Mwh),1085647.0
Côtes-d'Armor,22,01/01/2015,Production totale de chaleur (Mwh),1267046.0
Côtes-d'Armor,22,01/01/2016,Production totale de chaleur (Mwh),1574900.0
Côtes-d'Armor,22,01/01/2017,Production totale de chaleur (Mwh),1567477.0
Côtes-d'Armor,22,01/01/2018,Production totale de chaleur (Mwh),1639935.0
Côtes-d'Armor,22,01/01/2019,Production totale de chaleur (Mwh),1711101.0
Côtes-d'Armor,22,01/01/2020,Production totale de chaleur (Mwh),1662614.0
Côtes-d'Armor,22,01/01/2021,Production totale de chaleur (Mwh),1918008.0
Côtes-d'Armor,22,01/01/2022,Production totale de chaleur (Mwh),1911495.0
Côtes-d'Armor,22,01/01/2023,Production totale de chaleur (Mwh),1977569.0
Côtes-d'Armor,22,01/01/2024,Production totale de chaleur (Mwh),2068184.0
Finistère,29,01/01/2000,Production totale de chaleur (Mwh),1157290.0
Finistère,29,01/01/2001,Production totale de chaleur (Mwh),1165825.0
Finistère,29,01/01/2002,Production totale de chaleur (Mwh),1082436.0
Finistère,29,01/01/2003,Production totale de chaleur (Mwh),1153743.0
Finistère,29,01/01/2004,Production totale de chaleur (Mwh),1196751.0
Finistère,29,01/01/2005,Production totale de chaleur (Mwh),1204831.0
Finistère,29,01/01/2006,Production totale de chaleur (Mwh),1369501.0
Finistère,29,01/01/2007,Production totale de chaleur (Mwh),1334569.0
Finistère,29,01/01/2008,Production totale de chaleur (Mwh),1477780.0
Finistère,29,01/01/2009,Production totale de chaleur (Mwh),1567605.0
Finistère,29,01/01/2010,Production totale de chaleur (Mwh),1751514.0
Finistère,29,01/01/2011,Production totale de chaleur (Mwh),1520071.0
Finistère,29,01/01/2012,Production totale de chaleur (Mwh),1788727.0
Finistère,29,01/01/2013,Production totale de chaleur (Mwh),1920047.0
Finistère,29,01/01/2014,Production totale de chaleur (Mwh),1825859.0
Finistère,29,01/01/2015,Production totale de chaleur (Mwh),2128979.0
Finistère,29,01/01/2016,Production totale de chaleur (Mwh),2527359.0
Finistère,29,01/01/2017,Production totale de chaleur (Mwh),2608595.0
Finistère,29,01/01/2018,Production totale de chaleur (Mwh),2804848.0
Finistère,29,01/01/2019,Production totale de chaleur (Mwh),2880460.0
Finistère,29,01/01/2020,Production totale de chaleur (Mwh),2792844.0
Finistère,29,01/01/2021,Production totale de chaleur (Mwh),3103306.0
Finistère,29,01/01/2022,Production totale de chaleur (Mwh),3180862.0
Finistère,29,01/01/2023,Production totale de chaleur (Mwh),3213693.0
Finistère,29,01/01/2024,Production totale de chaleur (Mwh),3318129.0
Ille-et-Vilaine,35,01/01/2000,Production totale de chaleur (Mwh),1100850.0
Ille-et-Vilaine,35,01/01/2001,Production totale de chaleur (Mwh),1125572.0
Ille-et-Vilaine,35,01/01/2002,Production totale de chaleur (Mwh),1052415.0
Ille-et-Vilaine,35,01/01/2003,Production totale de chaleur (Mwh),1128165.0
Ille-et-Vilaine,35,01/01/2004,Production totale de chaleur (Mwh),1143678.0
Ille-et-Vilaine,35,01/01/2005,Production totale de chaleur (Mwh),1131627.0
Ille-et-Vilaine,35,01/01/2006,Production totale de chaleur (Mwh),1214271.0
Ille-et-Vilaine,35,01/01/2007,Production totale de chaleur (Mwh),1176064.0
Ille-et-Vilaine,35,01/01/2008,Production totale de chaleur (Mwh),1271071.0
Ille-et-Vilaine,35,01/01/2009,Production totale de chaleur (Mwh),1346209.0
Ille-et-Vilaine,35,01/01/2010,Production totale de chaleur (Mwh),1547296.0
Ille-et-Vilaine,35,01/01/2011,Production totale de chaleur (Mwh),1313743.0
Ille-et-Vilaine,35,01/01/2012,Production totale de chaleur (Mwh),1555916.0
Ille-et-Vilaine,35,01/01/2013,Production totale de chaleur (Mwh),1638572.0
Ille-et-Vilaine,35,01/01/2014,Production totale de chaleur (Mwh),1589265.0
Ille-et-Vilaine,35,01/01/2015,Production totale de chaleur (Mwh),1817701.0
Ille-et-Vilaine,35,01/01/2016,Production totale de chaleur (Mwh),2150273.0
Ille-et-Vilaine,35,01/01/2017,Production totale de chaleur (Mwh),2092985.0
Ille-et-Vilaine,35,01/01/2018,Production totale de chaleur (Mwh),2178888.0
Ille-et-Vilaine,35,01/01/2019,Production totale de chaleur (Mwh),2193875.0
Ille-et-Vilaine,35,01/01/2020,Production totale de chaleur (Mwh),2164350.0
Ille-et-Vilaine,35,01/01/2021,Production totale de chaleur (Mwh),2464992.0
Ille-et-Vilaine,35,01/01/2022,Production totale de chaleur (Mwh),2422181.0
Ille-et-Vilaine,35,01/01/2023,Production totale de chaleur (Mwh),2590003.0
Ille-et-Vilaine,35,01/01/2024,Production totale de chaleur (Mwh),2799820.0
Morbihan,56,01/01/2000,Production totale de chaleur (Mwh),856682.0
Morbihan,56,01/01/2001,Production totale de chaleur (Mwh),863295.0
Morbihan,56,01/01/2002,Production totale de chaleur (Mwh),794789.0
Morbihan,56,01/01/2003,Production totale de chaleur (Mwh),865802.0
Morbihan,56,01/01/2004,Production totale de chaleur (Mwh),904591.0
Morbihan,56,01/01/2005,Production totale de chaleur (Mwh),899909.0
Morbihan,56,01/01/2006,Production totale de chaleur (Mwh),957711.0
Morbihan,56,01/01/2007,Production totale de chaleur (Mwh),911864.0
Morbihan,56,01/01/2008,Production totale de chaleur (Mwh),998803.0
Morbihan,56,01/01/2009,Production totale de chaleur (Mwh),1032603.0
Morbihan,56,01/01/2010,Production totale de chaleur (Mwh),1168206.0
Morbihan,56,01/01/2011,Production totale de chaleur (Mwh),983354.0
Morbihan,56,01/01/2012,Production totale de chaleur (Mwh),1173631.0
Morbihan,56,01/01/2013,Production totale de chaleur (Mwh),1217758.0
Morbihan,56,01/01/2014,Production totale de chaleur (Mwh),1102464.0
Morbihan,56,01/01/2015,Production totale de chaleur (Mwh),1326223.0
Morbihan,56,01/01/2016,Production totale de chaleur (Mwh),1556311.0
Morbihan,56,01/01/2017,Production totale de chaleur (Mwh),1528128.0
Morbihan,56,01/01/2018,Production totale de chaleur (Mwh),1588431.0
Morbihan,56,01/01/2019,Production totale de chaleur (Mwh),1644844.0
Morbihan,56,01/01/2020,Production totale de chaleur (Mwh),1518900.0
Morbihan,56,01/01/2021,Production totale de chaleur (Mwh),1833664.0
Morbihan,56,01/01/2022,Production totale de chaleur (Mwh),1752843.0
Morbihan,56,01/01/2023,Production totale de chaleur (Mwh),1903898.0
Morbihan,56,01/01/2024,Production totale de chaleur (Mwh),2030847.0
Côtes-d'Armor,22,01/01/2000,Production totale d'énergie (Mwh),892912.0
Côtes-d'Armor,22,01/01/2001,Production totale d'énergie (Mwh),910581.0
Côtes-d'Armor,22,01/01/2002,Production totale d'énergie (Mwh),829500.0
Côtes-d'Armor,22,01/01/2003,Production totale d'énergie (Mwh),859996.0
Côtes-d'Armor,22,01/01/2004,Production totale d'énergie (Mwh),893502.0
Côtes-d'Armor,22,01/01/2005,Production totale d'énergie (Mwh),944360.0
Côtes-d'Armor,22,01/01/2006,Production totale d'énergie (Mwh),979173.0
Côtes-d'Armor,22,01/01/2007,Production totale d'énergie (Mwh),1081531.0
Côtes-d'Armor,22,01/01/2008,Production totale d'énergie (Mwh),1152422.0
Côtes-d'Armor,22,01/01/2009,Production totale d'énergie (Mwh),1236191.0
Côtes-d'Armor,22,01/01/2010,Production totale d'énergie (Mwh),1449133.0
Côtes-d'Armor,22,01/01/2011,Production totale d'énergie (Mwh),1366071.0
Côtes-d'Armor,22,01/01/2012,Production totale d'énergie (Mwh),1622717.0
Côtes-d'Armor,22,01/01/2013,Production totale d'énergie (Mwh),1760880.0
Côtes-d'Armor,22,01/01/2014,Production totale d'énergie (Mwh),1734492.0
Côtes-d'Armor,22,01/01/2015,Production totale d'énergie (Mwh),1938858.0
Côtes-d'Armor,22,01/01/2016,Production totale d'énergie (Mwh),2346127.0
Côtes-d'Armor,22,01/01/2017,Production totale d'énergie (Mwh),2389631.0
Côtes-d'Armor,22,01/01/2018,Production totale d'énergie (Mwh),2559264.0
Côtes-d'Armor,22,01/01/2019,Production totale d'énergie (Mwh),2672736.396
Côtes-d'Armor,22,01/01/2020,Production totale d'énergie (Mwh),2811838.613
Côtes-d'Armor,22,01/01/2021,Production totale d'énergie (Mwh),3028965.558
Côtes-d'Armor,22,01/01/2022,Production totale d'énergie (Mwh),3258731.063
Côtes-d'Armor,22,01/01/2023,Production totale d'énergie (Mwh),3548912.983
Côtes-d'Armor,22,01/01/2024,Production totale d'énergie (Mwh),4717416.964
Finistère,29,01/01/2000,Production totale d'énergie (Mwh),1297631.0
Finistère,29,01/01/2001,Production totale d'énergie (Mwh),1307971.0
Finistère,29,01/01/2002,Production totale d'énergie (Mwh),1229814.0
Finistère,29,01/01/2003,Production totale d'énergie (Mwh),1301264.0
Finistère,29,01/01/2004,Production totale d'énergie (Mwh),1334172.0
Finistère,29,01/01/2005,Production totale d'énergie (Mwh),1382791.0
Finistère,29,01/01/2006,Production totale d'énergie (Mwh),1611217.0
Finistère,29,01/01/2007,Production totale d'énergie (Mwh),1662256.0
Finistère,29,01/01/2008,Production totale d'énergie (Mwh),1839677.0
Finistère,29,01/01/2009,Production totale d'énergie (Mwh),1959240.0
Finistère,29,01/01/2010,Production totale d'énergie (Mwh),2195528.0
Finistère,29,01/01/2011,Production totale d'énergie (Mwh),2026335.0
Finistère,29,01/01/2012,Production totale d'énergie (Mwh),2357901.0
Finistère,29,01/01/2013,Production totale d'énergie (Mwh),2526530.0
Finistère,29,01/01/2014,Production totale d'énergie (Mwh),2487334.0
Finistère,29,01/01/2015,Production totale d'énergie (Mwh),2876803.0
Finistère,29,01/01/2016,Production totale d'énergie (Mwh),3349857.0
Finistère,29,01/01/2017,Production totale d'énergie (Mwh),3489628.099
Finistère,29,01/01/2018,Production totale d'énergie (Mwh),3868173.64
Finistère,29,01/01/2019,Production totale d'énergie (Mwh),4064691.172
Finistère,29,01/01/2020,Production totale d'énergie (Mwh),4063487.387
Finistère,29,01/01/2021,Production totale d'énergie (Mwh),4425155.667
Finistère,29,01/01/2022,Production totale d'énergie (Mwh),7164344.774999999
Finistère,29,01/01/2023,Production totale d'énergie (Mwh),6169811.461
Finistère,29,01/01/2024,Production totale d'énergie (Mwh),5325996.216
Ille-et-Vilaine,35,01/01/2000,Production totale d'énergie (Mwh),1656269.0
Ille-et-Vilaine,35,01/01/2001,Production totale d'énergie (Mwh),1740066.0
Ille-et-Vilaine,35,01/01/2002,Production totale d'énergie (Mwh),1657621.0
Ille-et-Vilaine,35,01/01/2003,Production totale d'énergie (Mwh),1748713.0
Ille-et-Vilaine,35,01/01/2004,Production totale d'énergie (Mwh),1729204.0
Ille-et-Vilaine,35,01/01/2005,Production totale d'énergie (Mwh),1750414.0
Ille-et-Vilaine,35,01/01/2006,Production totale d'énergie (Mwh),1801369.0
Ille-et-Vilaine,35,01/01/2007,Production totale d'énergie (Mwh),1781951.0
Ille-et-Vilaine,35,01/01/2008,Production totale d'énergie (Mwh),1892855.0
Ille-et-Vilaine,35,01/01/2009,Production totale d'énergie (Mwh),1976113.0
Ille-et-Vilaine,35,01/01/2010,Production totale d'énergie (Mwh),2296216.0
Ille-et-Vilaine,35,01/01/2011,Production totale d'énergie (Mwh),2116816.0
Ille-et-Vilaine,35,01/01/2012,Production totale d'énergie (Mwh),2347916.0
Ille-et-Vilaine,35,01/01/2013,Production totale d'énergie (Mwh),2420422.0
Ille-et-Vilaine,35,01/01/2014,Production totale d'énergie (Mwh),2480426.0
Ille-et-Vilaine,35,01/01/2015,Production totale d'énergie (Mwh),2783439.766
Ille-et-Vilaine,35,01/01/2016,Production totale d'énergie (Mwh),3166367.477
Ille-et-Vilaine,35,01/01/2017,Production totale d'énergie (Mwh),3156377.189
Ille-et-Vilaine,35,01/01/2018,Production totale d'énergie (Mwh),3283629.775
Ille-et-Vilaine,35,01/01/2019,Production totale d'énergie (Mwh),3403439.774
Ille-et-Vilaine,35,01/01/2020,Production totale d'énergie (Mwh),3466732.549
Ille-et-Vilaine,35,01/01/2021,Production totale d'énergie (Mwh),3842933.09
Ille-et-Vilaine,35,01/01/2022,Production totale d'énergie (Mwh),3932403.251
Ille-et-Vilaine,35,01/01/2023,Production totale d'énergie (Mwh),4198830.91
Ille-et-Vilaine,35,01/01/2024,Production totale d'énergie (Mwh),4533747.971
Morbihan,56,01/01/2000,Production totale d'énergie (Mwh),872900.0
Morbihan,56,01/01/2001,Production totale d'énergie (Mwh),876513.0
Morbihan,56,01/01/2002,Production totale d'énergie (Mwh),805006.0
Morbihan,56,01/01/2003,Production totale d'énergie (Mwh),873155.0
Morbihan,56,01/01/2004,Production totale d'énergie (Mwh),916021.0
Morbihan,56,01/01/2005,Production totale d'énergie (Mwh),919603.0
Morbihan,56,01/01/2006,Production totale d'énergie (Mwh),1051153.0
Morbihan,56,01/01/2007,Production totale d'énergie (Mwh),1020569.0
Morbihan,56,01/01/2008,Production totale d'énergie (Mwh),1130243.0
Morbihan,56,01/01/2009,Production totale d'énergie (Mwh),1232024.0
Morbihan,56,01/01/2010,Production totale d'énergie (Mwh),1473801.0
Morbihan,56,01/01/2011,Production totale d'énergie (Mwh),1393347.0
Morbihan,56,01/01/2012,Production totale d'énergie (Mwh),1621827.0
Morbihan,56,01/01/2013,Production totale d'énergie (Mwh),1728974.0
Morbihan,56,01/01/2014,Production totale d'énergie (Mwh),1666005.0
Morbihan,56,01/01/2015,Production totale d'énergie (Mwh),1928285.0
Morbihan,56,01/01/2016,Production totale d'énergie (Mwh),2200985.0
Morbihan,56,01/01/2017,Production totale d'énergie (Mwh),2138317.802
Morbihan,56,01/01/2018,Production totale d'énergie (Mwh),2332565.315
Morbihan,56,01/01/2019,Production totale d'énergie (Mwh),2456563.603
Morbihan,56,01/01/2020,Production totale d'énergie (Mwh),2461065.46
Morbihan,56,01/01/2021,Production totale d'énergie (Mwh),2708174.937
Morbihan,56,01/01/2022,Production totale d'énergie (Mwh),2656566.18
Morbihan,56,01/01/2023,Production totale d'énergie (Mwh),3098855.523
Morbihan,56,01/01/2024,Production totale d'énergie (Mwh),3148236.368
Côtes-d'Armor,22,01/01/2000,Production totale d'électricité renouvelable (Mwh),86632.0
Côtes-d'Armor,22,01/01/2001,Production totale d'électricité renouvelable (Mwh),90984.5
Côtes-d'Armor,22,01/01/2002,Production totale d'électricité renouvelable (Mwh),77451.0
Côtes-d'Armor,22,01/01/2003,Production totale d'électricité renouvelable (Mwh),55881.0
Côtes-d'Armor,22,01/01/2004,Production totale d'électricité renouvelable (Mwh),74090.0
Côtes-d'Armor,22,01/01/2005,Production totale d'électricité renouvelable (Mwh),103116.5
Côtes-d'Armor,22,01/01/2006,Production totale d'électricité renouvelable (Mwh),116015.0
Côtes-d'Armor,22,01/01/2007,Production totale d'électricité renouvelable (Mwh),230846.0
Côtes-d'Armor,22,01/01/2008,Production totale d'électricité renouvelable (Mwh),239969.0
Côtes-d'Armor,22,01/01/2009,Production totale d'électricité renouvelable (Mwh),287149.0
Côtes-d'Armor,22,01/01/2010,Production totale d'électricité renouvelable (Mwh),355218.5
Côtes-d'Armor,22,01/01/2011,Production totale d'électricité renouvelable (Mwh),459622.5
Côtes-d'Armor,22,01/01/2012,Production totale d'électricité renouvelable (Mwh),523032.5
Côtes-d'Armor,22,01/01/2013,Production totale d'électricité renouvelable (Mwh),563356.5
Côtes-d'Armor,22,01/01/2014,Production totale d'électricité renouvelable (Mwh),584850.5
Côtes-d'Armor,22,01/01/2015,Production totale d'électricité renouvelable (Mwh),599961.5
Côtes-d'Armor,22,01/01/2016,Production totale d'électricité renouvelable (Mwh),639281.5
Côtes-d'Armor,22,01/01/2017,Production totale d'électricité renouvelable (Mwh),650967.0
Côtes-d'Armor,22,01/01/2018,Production totale d'électricité renouvelable (Mwh),732341.5
Côtes-d'Armor,22,01/01/2019,Production totale d'électricité renouvelable (Mwh),746555.5
Côtes-d'Armor,22,01/01/2020,Production totale d'électricité renouvelable (Mwh),877386.0
Côtes-d'Armor,22,01/01/2021,Production totale d'électricité renouvelable (Mwh),797587.0
Côtes-d'Armor,22,01/01/2022,Production totale d'électricité renouvelable (Mwh),937242.5
Côtes-d'Armor,22,01/01/2023,Production totale d'électricité renouvelable (Mwh),1226562.0
Côtes-d'Armor,22,01/01/2024,Production totale d'électricité renouvelable (Mwh),2292428.5
Finistère,29,01/01/2000,Production totale d'électricité renouvelable (Mwh),53910.5
Finistère,29,01/01/2001,Production totale d'électricité renouvelable (Mwh),56795.5
Finistère,29,01/01/2002,Production totale d'électricité renouvelable (Mwh),62099.5
Finistère,29,01/01/2003,Production totale d'électricité renouvelable (Mwh),61644.0
Finistère,29,01/01/2004,Production totale d'électricité renouvelable (Mwh),56390.5
Finistère,29,01/01/2005,Production totale d'électricité renouvelable (Mwh),94882.5
Finistère,29,01/01/2006,Production totale d'électricité renouvelable (Mwh),135150.5
Finistère,29,01/01/2007,Production totale d'électricité renouvelable (Mwh),202329.5
Finistère,29,01/01/2008,Production totale d'électricité renouvelable (Mwh),245159.0
Finistère,29,01/01/2009,Production totale d'électricité renouvelable (Mwh),276532.5
Finistère,29,01/01/2010,Production totale d'électricité renouvelable (Mwh),320365.5
Finistère,29,01/01/2011,Production totale d'électricité renouvelable (Mwh),308869.5
Finistère,29,01/01/2012,Production totale d'électricité renouvelable (Mwh),360126.5
Finistère,29,01/01/2013,Production totale d'électricité renouvelable (Mwh),383078.5
Finistère,29,01/01/2014,Production totale d'électricité renouvelable (Mwh),387761.5
Finistère,29,01/01/2015,Production totale d'électricité renouvelable (Mwh),400683.0
Finistère,29,01/01/2016,Production totale d'électricité renouvelable (Mwh),421668.5
Finistère,29,01/01/2017,Production totale d'électricité renouvelable (Mwh),423018.5
Finistère,29,01/01/2018,Production totale d'électricité renouvelable (Mwh),526133.0
Finistère,29,01/01/2019,Production totale d'électricité renouvelable (Mwh),572719.0
Finistère,29,01/01/2020,Production totale d'électricité renouvelable (Mwh),645511.5
Finistère,29,01/01/2021,Production totale d'électricité renouvelable (Mwh),562860.5
Finistère,29,01/01/2022,Production totale d'électricité renouvelable (Mwh),541884.0
Finistère,29,01/01/2023,Production totale d'électricité renouvelable (Mwh),587433.5
Finistère,29,01/01/2024,Production totale d'électricité renouvelable (Mwh),578398.0
Ille-et-Vilaine,35,01/01/2000,Production totale d'électricité renouvelable (Mwh),505911.5
Ille-et-Vilaine,35,01/01/2001,Production totale d'électricité renouvelable (Mwh),552199.0
Ille-et-Vilaine,35,01/01/2002,Production totale d'électricité renouvelable (Mwh),549305.0
Ille-et-Vilaine,35,01/01/2003,Production totale d'électricité renouvelable (Mwh),552976.0
Ille-et-Vilaine,35,01/01/2004,Production totale d'électricité renouvelable (Mwh),526135.0
Ille-et-Vilaine,35,01/01/2005,Production totale d'électricité renouvelable (Mwh),546420.5
Ille-et-Vilaine,35,01/01/2006,Production totale d'électricité renouvelable (Mwh),524012.5
Ille-et-Vilaine,35,01/01/2007,Production totale d'électricité renouvelable (Mwh),537527.5
Ille-et-Vilaine,35,01/01/2008,Production totale d'électricité renouvelable (Mwh),557483.0
Ille-et-Vilaine,35,01/01/2009,Production totale d'électricité renouvelable (Mwh),573222.5
Ille-et-Vilaine,35,01/01/2010,Production totale d'électricité renouvelable (Mwh),652635.5
Ille-et-Vilaine,35,01/01/2011,Production totale d'électricité renouvelable (Mwh),674489.5
Ille-et-Vilaine,35,01/01/2012,Production totale d'électricité renouvelable (Mwh),675224.5
Ille-et-Vilaine,35,01/01/2013,Production totale d'électricité renouvelable (Mwh),674997.5
Ille-et-Vilaine,35,01/01/2014,Production totale d'électricité renouvelable (Mwh),796466.0
Ille-et-Vilaine,35,01/01/2015,Production totale d'électricité renouvelable (Mwh),840766.0
Ille-et-Vilaine,35,01/01/2016,Production totale d'électricité renouvelable (Mwh),859332.0
Ille-et-Vilaine,35,01/01/2017,Production totale d'électricité renouvelable (Mwh),896406.0
Ille-et-Vilaine,35,01/01/2018,Production totale d'électricité renouvelable (Mwh),938964.5
Ille-et-Vilaine,35,01/01/2019,Production totale d'électricité renouvelable (Mwh),1012634.5
Ille-et-Vilaine,35,01/01/2020,Production totale d'électricité renouvelable (Mwh),1069895.0
Ille-et-Vilaine,35,01/01/2021,Production totale d'électricité renouvelable (Mwh),1062125.0
Ille-et-Vilaine,35,01/01/2022,Production totale d'électricité renouvelable (Mwh),1094847.5
Ille-et-Vilaine,35,01/01/2023,Production totale d'électricité renouvelable (Mwh),1133905.5
Ille-et-Vilaine,35,01/01/2024,Production totale d'électricité renouvelable (Mwh),1168782.0
Morbihan,56,01/01/2000,Production totale d'électricité renouvelable (Mwh),16000.0
Morbihan,56,01/01/2001,Production totale d'électricité renouvelable (Mwh),13000.0
Morbihan,56,01/01/2002,Production totale d'électricité renouvelable (Mwh),9999.0
Morbihan,56,01/01/2003,Production totale d'électricité renouvelable (Mwh),7135.0
Morbihan,56,01/01/2004,Production totale d'électricité renouvelable (Mwh),11212.0
Morbihan,56,01/01/2005,Production totale d'électricité renouvelable (Mwh),19476.0
Morbihan,56,01/01/2006,Production totale d'électricité renouvelable (Mwh),93224.0
Morbihan,56,01/01/2007,Production totale d'électricité renouvelable (Mwh),108487.0
Morbihan,56,01/01/2008,Production totale d'électricité renouvelable (Mwh),131222.0
Morbihan,56,01/01/2009,Production totale d'électricité renouvelable (Mwh),199203.0
Morbihan,56,01/01/2010,Production totale d'électricité renouvelable (Mwh),305377.0
Morbihan,56,01/01/2011,Production totale d'électricité renouvelable (Mwh),405509.0
Morbihan,56,01/01/2012,Production totale d'électricité renouvelable (Mwh),443881.0
Morbihan,56,01/01/2013,Production totale d'électricité renouvelable (Mwh),509534.0
Morbihan,56,01/01/2014,Production totale d'électricité renouvelable (Mwh),563395.0
Morbihan,56,01/01/2015,Production totale d'électricité renouvelable (Mwh),598528.0
Morbihan,56,01/01/2016,Production totale d'électricité renouvelable (Mwh),639540.5
Morbihan,56,01/01/2017,Production totale d'électricité renouvelable (Mwh),600829.0
Morbihan,56,01/01/2018,Production totale d'électricité renouvelable (Mwh),730129.0
Morbihan,56,01/01/2019,Production totale d'électricité renouvelable (Mwh),770885.0
Morbihan,56,01/01/2020,Production totale d'électricité renouvelable (Mwh),881705.0
Morbihan,56,01/01/2021,Production totale d'électricité renouvelable (Mwh),808910.0
Morbihan,56,01/01/2022,Production totale d'électricité renouvelable (Mwh),812655.0
Morbihan,56,01/01/2023,Production totale d'électricité renouvelable (Mwh),1052182.0
Morbihan,56,01/01/2024,Production totale d'électricité renouvelable (Mwh),941414.0
Côtes-d'Armor,22,01/01/2000,Production totale de chaleur renouvelable (Mwh),766524.0
Côtes-d'Armor,22,01/01/2001,Production totale de chaleur renouvelable (Mwh),773186.5
Côtes-d'Armor,22,01/01/2002,Production totale de chaleur renouvelable (Mwh),707092.0
Côtes-d'Armor,22,01/01/2003,Production totale de chaleur renouvelable (Mwh),770155.0
Côtes-d'Armor,22,01/01/2004,Production totale de chaleur renouvelable (Mwh),788235.5
Côtes-d'Armor,22,01/01/2005,Production totale de chaleur renouvelable (Mwh),800606.0
Côtes-d'Armor,22,01/01/2006,Production totale de chaleur renouvelable (Mwh),850739.0
Côtes-d'Armor,22,01/01/2007,Production totale de chaleur renouvelable (Mwh),810767.5
Côtes-d'Armor,22,01/01/2008,Production totale de chaleur renouvelable (Mwh),890982.5
Côtes-d'Armor,22,01/01/2009,Production totale de chaleur renouvelable (Mwh),927253.0
Côtes-d'Armor,22,01/01/2010,Production totale de chaleur renouvelable (Mwh),1058208.0
Côtes-d'Armor,22,01/01/2011,Production totale de chaleur renouvelable (Mwh),862889.5
Côtes-d'Armor,22,01/01/2012,Production totale de chaleur renouvelable (Mwh),1025380.0
Côtes-d'Armor,22,01/01/2013,Production totale de chaleur renouvelable (Mwh),1102055.5
Côtes-d'Armor,22,01/01/2014,Production totale de chaleur renouvelable (Mwh),1041726.5
Côtes-d'Armor,22,01/01/2015,Production totale de chaleur renouvelable (Mwh),1206553.0
Côtes-d'Armor,22,01/01/2016,Production totale de chaleur renouvelable (Mwh),1446853.5
Côtes-d'Armor,22,01/01/2017,Production totale de chaleur renouvelable (Mwh),1404890.0
Côtes-d'Armor,22,01/01/2018,Production totale de chaleur renouvelable (Mwh),1458507.0
Côtes-d'Armor,22,01/01/2019,Production totale de chaleur renouvelable (Mwh),1512512.5
Côtes-d'Armor,22,01/01/2020,Production totale de chaleur renouvelable (Mwh),1458386.0
Côtes-d'Armor,22,01/01/2021,Production totale de chaleur renouvelable (Mwh),1691922.0
Côtes-d'Armor,22,01/01/2022,Production totale de chaleur renouvelable (Mwh),1618672.5
Côtes-d'Armor,22,01/01/2023,Production totale de chaleur renouvelable (Mwh),1739334.0
Côtes-d'Armor,22,01/01/2024,Production totale de chaleur renouvelable (Mwh),1860216.5
Finistère,29,01/01/2000,Production totale de chaleur renouvelable (Mwh),1070825.5
Finistère,29,01/01/2001,Production totale de chaleur renouvelable (Mwh),1079360.5
Finistère,29,01/01/2002,Production totale de chaleur renouvelable (Mwh),995971.5
Finistère,29,01/01/2003,Production totale de chaleur renouvelable (Mwh),1080115.0
Finistère,29,01/01/2004,Production totale de chaleur renouvelable (Mwh),1108489.0
Finistère,29,01/01/2005,Production totale de chaleur renouvelable (Mwh),1121459.0
Finistère,29,01/01/2006,Production totale de chaleur renouvelable (Mwh),1255361.0
Finistère,29,01/01/2007,Production totale de chaleur renouvelable (Mwh),1221974.5
Finistère,29,01/01/2008,Production totale de chaleur renouvelable (Mwh),1359778.0
Finistère,29,01/01/2009,Production totale de chaleur renouvelable (Mwh),1443555.0
Finistère,29,01/01/2010,Production totale de chaleur renouvelable (Mwh),1609659.0
Finistère,29,01/01/2011,Production totale de chaleur renouvelable (Mwh),1326493.0
Finistère,29,01/01/2012,Production totale de chaleur renouvelable (Mwh),1583002.0
Finistère,29,01/01/2013,Production totale de chaleur renouvelable (Mwh),1683398.0
Finistère,29,01/01/2014,Production totale de chaleur renouvelable (Mwh),1546380.0
Finistère,29,01/01/2015,Production totale de chaleur renouvelable (Mwh),1768189.5
Finistère,29,01/01/2016,Production totale de chaleur renouvelable (Mwh),2080925.0
Finistère,29,01/01/2017,Production totale de chaleur renouvelable (Mwh),2037570.0
Finistère,29,01/01/2018,Production totale de chaleur renouvelable (Mwh),2148981.0
Finistère,29,01/01/2019,Production totale de chaleur renouvelable (Mwh),2192249.5
Finistère,29,01/01/2020,Production totale de chaleur renouvelable (Mwh),2117527.5
Finistère,29,01/01/2021,Production totale de chaleur renouvelable (Mwh),2402932.0
Finistère,29,01/01/2022,Production totale de chaleur renouvelable (Mwh),2320708.5
Finistère,29,01/01/2023,Production totale de chaleur renouvelable (Mwh),2456755.5
Finistère,29,01/01/2024,Production totale de chaleur renouvelable (Mwh),2620029.0
Ille-et-Vilaine,35,01/01/2000,Production totale de chaleur renouvelable (Mwh),943590.5
Ille-et-Vilaine,35,01/01/2001,Production totale de chaleur renouvelable (Mwh),961389.5
Ille-et-Vilaine,35,01/01/2002,Production totale de chaleur renouvelable (Mwh),891566.5
Ille-et-Vilaine,35,01/01/2003,Production totale de chaleur renouvelable (Mwh),964216.5
Ille-et-Vilaine,35,01/01/2004,Production totale de chaleur renouvelable (Mwh),982974.5
Ille-et-Vilaine,35,01/01/2005,Production totale de chaleur renouvelable (Mwh),979651.5
Ille-et-Vilaine,35,01/01/2006,Production totale de chaleur renouvelable (Mwh),1052920.0
Ille-et-Vilaine,35,01/01/2007,Production totale de chaleur renouvelable (Mwh),1010850.5
Ille-et-Vilaine,35,01/01/2008,Production totale de chaleur renouvelable (Mwh),1100351.0
Ille-et-Vilaine,35,01/01/2009,Production totale de chaleur renouvelable (Mwh),1170648.5
Ille-et-Vilaine,35,01/01/2010,Production totale de chaleur renouvelable (Mwh),1328444.5
Ille-et-Vilaine,35,01/01/2011,Production totale de chaleur renouvelable (Mwh),1097069.0
Ille-et-Vilaine,35,01/01/2012,Production totale de chaleur renouvelable (Mwh),1328934.5
Ille-et-Vilaine,35,01/01/2013,Production totale de chaleur renouvelable (Mwh),1400689.0
Ille-et-Vilaine,35,01/01/2014,Production totale de chaleur renouvelable (Mwh),1397782.5
Ille-et-Vilaine,35,01/01/2015,Production totale de chaleur renouvelable (Mwh),1598002.0
Ille-et-Vilaine,35,01/01/2016,Production totale de chaleur renouvelable (Mwh),1878717.5
Ille-et-Vilaine,35,01/01/2017,Production totale de chaleur renouvelable (Mwh),1802149.5
Ille-et-Vilaine,35,01/01/2018,Production totale de chaleur renouvelable (Mwh),1877341.5
Ille-et-Vilaine,35,01/01/2019,Production totale de chaleur renouvelable (Mwh),1898653.0
Ille-et-Vilaine,35,01/01/2020,Production totale de chaleur renouvelable (Mwh),1832671.0
Ille-et-Vilaine,35,01/01/2021,Production totale de chaleur renouvelable (Mwh),2094466.5
Ille-et-Vilaine,35,01/01/2022,Production totale de chaleur renouvelable (Mwh),2013791.0
Ille-et-Vilaine,35,01/01/2023,Production totale de chaleur renouvelable (Mwh),2144929.0
Ille-et-Vilaine,35,01/01/2024,Production totale de chaleur renouvelable (Mwh),2338975.0
Morbihan,56,01/01/2000,Production totale de chaleur renouvelable (Mwh),839097.5
Morbihan,56,01/01/2001,Production totale de chaleur renouvelable (Mwh),845710.5
Morbihan,56,01/01/2002,Production totale de chaleur renouvelable (Mwh),777204.5
Morbihan,56,01/01/2003,Production totale de chaleur renouvelable (Mwh),847810.5
Morbihan,56,01/01/2004,Production totale de chaleur renouvelable (Mwh),878064.0
Morbihan,56,01/01/2005,Production totale de chaleur renouvelable (Mwh),881906.5
Morbihan,56,01/01/2006,Production totale de chaleur renouvelable (Mwh),937762.0
Morbihan,56,01/01/2007,Production totale de chaleur renouvelable (Mwh),892539.5
Morbihan,56,01/01/2008,Production totale de chaleur renouvelable (Mwh),977188.5
Morbihan,56,01/01/2009,Production totale de chaleur renouvelable (Mwh),1015174.5
Morbihan,56,01/01/2010,Production totale de chaleur renouvelable (Mwh),1150174.5
Morbihan,56,01/01/2011,Production totale de chaleur renouvelable (Mwh),959521.5
Morbihan,56,01/01/2012,Production totale de chaleur renouvelable (Mwh),1142612.0
Morbihan,56,01/01/2013,Production totale de chaleur renouvelable (Mwh),1188843.0
Morbihan,56,01/01/2014,Production totale de chaleur renouvelable (Mwh),1085025.0
Morbihan,56,01/01/2015,Production totale de chaleur renouvelable (Mwh),1297140.5
Morbihan,56,01/01/2016,Production totale de chaleur renouvelable (Mwh),1526628.5
Morbihan,56,01/01/2017,Production totale de chaleur renouvelable (Mwh),1496605.0
Morbihan,56,01/01/2018,Production totale de chaleur renouvelable (Mwh),1559171.0
Morbihan,56,01/01/2019,Production totale de chaleur renouvelable (Mwh),1612452.0
Morbihan,56,01/01/2020,Production totale de chaleur renouvelable (Mwh),1510728.0
Morbihan,56,01/01/2021,Production totale de chaleur renouvelable (Mwh),1791832.5
Morbihan,56,01/01/2022,Production totale de chaleur renouvelable (Mwh),1720540.5
Morbihan,56,01/01/2023,Production totale de chaleur renouvelable (Mwh),1873276.5
Morbihan,56,01/01/2024,Production totale de chaleur renouvelable (Mwh),2002662.5
Côtes-d'Armor,22,01/01/2000,Production totale d'énergie renouvelable (Mwh),853156.0
Côtes-d'Armor,22,01/01/2001,Production totale d'énergie renouvelable (Mwh),864171.0
Côtes-d'Armor,22,01/01/2002,Production totale d'énergie renouvelable (Mwh),784543.0
Côtes-d'Armor,22,01/01/2003,Production totale d'énergie renouvelable (Mwh),826036.0
Côtes-d'Armor,22,01/01/2004,Production totale d'énergie renouvelable (Mwh),862325.5
Côtes-d'Armor,22,01/01/2005,Production totale d'énergie renouvelable (Mwh),903722.5
Côtes-d'Armor,22,01/01/2006,Production totale d'énergie renouvelable (Mwh),966754.0
Côtes-d'Armor,22,01/01/2007,Production totale d'énergie renouvelable (Mwh),1041613.5
Côtes-d'Armor,22,01/01/2008,Production totale d'énergie renouvelable (Mwh),1130951.5
Côtes-d'Armor,22,01/01/2009,Production totale d'énergie renouvelable (Mwh),1214402.0
Côtes-d'Armor,22,01/01/2010,Production totale d'énergie renouvelable (Mwh),1413426.5
Côtes-d'Armor,22,01/01/2011,Production totale d'énergie renouvelable (Mwh),1322512.0
Côtes-d'Armor,22,01/01/2012,Production totale d'énergie renouvelable (Mwh),1548412.5
Côtes-d'Armor,22,01/01/2013,Production totale d'énergie renouvelable (Mwh),1665412.0
Côtes-d'Armor,22,01/01/2014,Production totale d'énergie renouvelable (Mwh),1626577.0
Côtes-d'Armor,22,01/01/2015,Production totale d'énergie renouvelable (Mwh),1806514.5
Côtes-d'Armor,22,01/01/2016,Production totale d'énergie renouvelable (Mwh),2086135.0
Côtes-d'Armor,22,01/01/2017,Production totale d'énergie renouvelable (Mwh),2055857.0
Côtes-d'Armor,22,01/01/2018,Production totale d'énergie renouvelable (Mwh),2190848.5
Côtes-d'Armor,22,01/01/2019,Production totale d'énergie renouvelable (Mwh),2268284.396
Côtes-d'Armor,22,01/01/2020,Production totale d'énergie renouvelable (Mwh),2397074.613
Côtes-d'Armor,22,01/01/2021,Production totale d'énergie renouvelable (Mwh),2584137.558
Côtes-d'Armor,22,01/01/2022,Production totale d'énergie renouvelable (Mwh),2677418.063
Côtes-d'Armor,22,01/01/2023,Production totale d'énergie renouvelable (Mwh),3087527.983
Côtes-d'Armor,22,01/01/2024,Production totale d'énergie renouvelable (Mwh),4296178.964
Finistère,29,01/01/2000,Production totale d'énergie renouvelable (Mwh),1124736.0
Finistère,29,01/01/2001,Production totale d'énergie renouvelable (Mwh),1136156.0
Finistère,29,01/01/2002,Production totale d'énergie renouvelable (Mwh),1058071.0
Finistère,29,01/01/2003,Production totale d'énergie renouvelable (Mwh),1141759.0
Finistère,29,01/01/2004,Production totale d'énergie renouvelable (Mwh),1164879.5
Finistère,29,01/01/2005,Production totale d'énergie renouvelable (Mwh),1216341.5
Finistère,29,01/01/2006,Production totale d'énergie renouvelable (Mwh),1390511.5
Finistère,29,01/01/2007,Production totale d'énergie renouvelable (Mwh),1424304.0
Finistère,29,01/01/2008,Production totale d'énergie renouvelable (Mwh),1604937.0
Finistère,29,01/01/2009,Production totale d'énergie renouvelable (Mwh),1720087.5
Finistère,29,01/01/2010,Production totale d'énergie renouvelable (Mwh),1930024.5
Finistère,29,01/01/2011,Production totale d'énergie renouvelable (Mwh),1635362.5
Finistère,29,01/01/2012,Production totale d'énergie renouvelable (Mwh),1943128.5
Finistère,29,01/01/2013,Production totale d'énergie renouvelable (Mwh),2066476.5
Finistère,29,01/01/2014,Production totale d'énergie renouvelable (Mwh),1934141.5
Finistère,29,01/01/2015,Production totale d'énergie renouvelable (Mwh),2168872.5
Finistère,29,01/01/2016,Production totale d'énergie renouvelable (Mwh),2502593.5
Finistère,29,01/01/2017,Production totale d'énergie renouvelable (Mwh),2473687.599
Finistère,29,01/01/2018,Production totale d'énergie renouvelable (Mwh),2706473.64
Finistère,29,01/01/2019,Production totale d'énergie renouvelable (Mwh),2812079.672
Finistère,29,01/01/2020,Production totale d'énergie renouvelable (Mwh),2811386.387
Finistère,29,01/01/2021,Production totale d'énergie renouvelable (Mwh),3039559.167
Finistère,29,01/01/2022,Production totale d'énergie renouvelable (Mwh),2963367.275
Finistère,29,01/01/2023,Production totale d'énergie renouvelable (Mwh),3160318.461
Finistère,29,01/01/2024,Production totale d'énergie renouvelable (Mwh),3332833.216
Ille-et-Vilaine,35,01/01/2000,Production totale d'énergie renouvelable (Mwh),1449502.0
Ille-et-Vilaine,35,01/01/2001,Production totale d'énergie renouvelable (Mwh),1513588.5
Ille-et-Vilaine,35,01/01/2002,Production totale d'énergie renouvelable (Mwh),1440871.5
Ille-et-Vilaine,35,01/01/2003,Production totale d'énergie renouvelable (Mwh),1517192.5
Ille-et-Vilaine,35,01/01/2004,Production totale d'énergie renouvelable (Mwh),1509109.5
Ille-et-Vilaine,35,01/01/2005,Production totale d'énergie renouvelable (Mwh),1526072.0
Ille-et-Vilaine,35,01/01/2006,Production totale d'énergie renouvelable (Mwh),1576932.5
Ille-et-Vilaine,35,01/01/2007,Production totale d'énergie renouvelable (Mwh),1548378.0
Ille-et-Vilaine,35,01/01/2008,Production totale d'énergie renouvelable (Mwh),1657834.0
Ille-et-Vilaine,35,01/01/2009,Production totale d'énergie renouvelable (Mwh),1743871.0
Ille-et-Vilaine,35,01/01/2010,Production totale d'énergie renouvelable (Mwh),1981080.0
Ille-et-Vilaine,35,01/01/2011,Production totale d'énergie renouvelable (Mwh),1771558.5
Ille-et-Vilaine,35,01/01/2012,Production totale d'énergie renouvelable (Mwh),2004159.0
Ille-et-Vilaine,35,01/01/2013,Production totale d'énergie renouvelable (Mwh),2075686.5
Ille-et-Vilaine,35,01/01/2014,Production totale d'énergie renouvelable (Mwh),2194248.5
Ille-et-Vilaine,35,01/01/2015,Production totale d'énergie renouvelable (Mwh),2440033.766
Ille-et-Vilaine,35,01/01/2016,Production totale d'énergie renouvelable (Mwh),2743726.977
Ille-et-Vilaine,35,01/01/2017,Production totale d'énergie renouvelable (Mwh),2704744.689
Ille-et-Vilaine,35,01/01/2018,Production totale d'énergie renouvelable (Mwh),2823180.775
Ille-et-Vilaine,35,01/01/2019,Production totale d'énergie renouvelable (Mwh),2926862.274
Ille-et-Vilaine,35,01/01/2020,Production totale d'énergie renouvelable (Mwh),2944615.549
Ille-et-Vilaine,35,01/01/2021,Production totale d'énergie renouvelable (Mwh),3276471.59
Ille-et-Vilaine,35,01/01/2022,Production totale d'énergie renouvelable (Mwh),3334880.751
Ille-et-Vilaine,35,01/01/2023,Production totale d'énergie renouvelable (Mwh),3579944.41
Ille-et-Vilaine,35,01/01/2024,Production totale d'énergie renouvelable (Mwh),3900659.971
Morbihan,56,01/01/2000,Production totale d'énergie renouvelable (Mwh),855097.5
Morbihan,56,01/01/2001,Production totale d'énergie renouvelable (Mwh),858710.5
Morbihan,56,01/01/2002,Production totale d'énergie renouvelable (Mwh),787203.5
Morbihan,56,01/01/2003,Production totale d'énergie renouvelable (Mwh),854945.5
Morbihan,56,01/01/2004,Production totale d'énergie renouvelable (Mwh),889276.0
Morbihan,56,01/01/2005,Production totale d'énergie renouvelable (Mwh),901382.5
Morbihan,56,01/01/2006,Production totale d'énergie renouvelable (Mwh),1030986.0
Morbihan,56,01/01/2007,Production totale d'énergie renouvelable (Mwh),1001026.5
Morbihan,56,01/01/2008,Production totale d'énergie renouvelable (Mwh),1108410.5
Morbihan,56,01/01/2009,Production totale d'énergie renouvelable (Mwh),1214377.5
Morbihan,56,01/01/2010,Production totale d'énergie renouvelable (Mwh),1455551.5
Morbihan,56,01/01/2011,Production totale d'énergie renouvelable (Mwh),1365030.5
Morbihan,56,01/01/2012,Production totale d'énergie renouvelable (Mwh),1586493.0
Morbihan,56,01/01/2013,Production totale d'énergie renouvelable (Mwh),1698377.0
Morbihan,56,01/01/2014,Production totale d'énergie renouvelable (Mwh),1648420.0
Morbihan,56,01/01/2015,Production totale d'énergie renouvelable (Mwh),1895668.5
Morbihan,56,01/01/2016,Production totale d'énergie renouvelable (Mwh),2166169.0
Morbihan,56,01/01/2017,Production totale d'énergie renouvelable (Mwh),2102735.802
Morbihan,56,01/01/2018,Production totale d'énergie renouvelable (Mwh),2299615.315
Morbihan,56,01/01/2019,Production totale d'énergie renouvelable (Mwh),2420540.603
Morbihan,56,01/01/2020,Production totale d'énergie renouvelable (Mwh),2448492.46
Morbihan,56,01/01/2021,Production totale d'énergie renouvelable (Mwh),2661959.437
Morbihan,56,01/01/2022,Production totale d'énergie renouvelable (Mwh),2618765.68
Morbihan,56,01/01/2023,Production totale d'énergie renouvelable (Mwh),3063451.023
Morbihan,56,01/01/2024,Production totale d'énergie renouvelable (Mwh),3115455.868
Côtes-d'Armor,22,01/01/2000,Part de production d'énergie renouvelable sur la production totale d'énergie (%),99.65973837209302
Côtes-d'Armor,22,01/01/2001,Part de production d'énergie renouvelable sur la production totale d'énergie (%),99.65752906976743
Côtes-d'Armor,22,01/01/2002,Part de production d'énergie renouvelable sur la production totale d'énergie (%),99.64941860465116
Côtes-d'Armor,22,01/01/2003,Part de production d'énergie renouvelable sur la production totale d'énergie (%),99.65404069767442
Côtes-d'Armor,22,01/01/2004,Part de production d'énergie renouvelable sur la production totale d'énergie (%),99.70837209302326
Côtes-d'Armor,22,01/01/2005,Part de production d'énergie renouvelable sur la production totale d'énergie (%),99.65287790697674
Côtes-d'Armor,22,01/01/2006,Part de production d'énergie renouvelable sur la production totale d'énergie (%),99.7876453488372
Côtes-d'Armor,22,01/01/2007,Part de production d'énergie renouvelable sur la production totale d'énergie (%),99.69720930232558
Côtes-d'Armor,22,01/01/2008,Part de production d'énergie renouvelable sur la production totale d'énergie (%),99.76197674418604
Côtes-d'Armor,22,01/01/2009,Part de production d'énergie renouvelable sur la production totale d'énergie (%),99.76255813953487
Côtes-d'Armor,22,01/01/2010,Part de production d'énergie renouvelable sur la production totale d'énergie (%),99.71656976744184
Côtes-d'Armor,22,01/01/2011,Part de production d'énergie renouvelable sur la production totale d'énergie (%),99.47438953488373
Côtes-d'Armor,22,01/01/2012,Part de production d'énergie renouvelable sur la production totale d'énergie (%),99.287238372093
Côtes-d'Armor,22,01/01/2013,Part de production d'énergie renouvelable sur la production totale d'énergie (%),99.1921511627907
Côtes-d'Armor,22,01/01/2014,Part de production d'énergie renouvelable sur la production totale d'énergie (%),99.20959302325583
Côtes-d'Armor,22,01/01/2015,Part de production d'énergie renouvelable sur la production totale d'énergie (%),98.77468023255814
Côtes-d'Armor,22,01/01/2016,Part de production d'énergie renouvelable sur la production totale d'énergie (%),97.38491279069768
Côtes-d'Armor,22,01/01/2017,Part de production d'énergie renouvelable sur la production totale d'énergie (%),96.98622093023256
Côtes-d'Armor,22,01/01/2018,Part de production d'énergie renouvelable sur la production totale d'énergie (%),96.8909011627907
Côtes-d'Armor,22,01/01/2019,Part de production d'énergie renouvelable sur la production totale d'énergie (%),96.87375
Côtes-d'Armor,22,01/01/2020,Part de production d'énergie renouvelable sur la production totale d'énergie (%),96.8280523255814
Côtes-d'Armor,22,01/01/2021,Part de production d'énergie renouvelable sur la production totale d'énergie (%),96.92081395348838
Côtes-d'Armor,22,01/01/2022,Part de production d'énergie renouvelable sur la production totale d'énergie (%),96.80008720930232
Côtes-d'Armor,22,01/01/2023,Part de production d'énergie renouvelable sur la production totale d'énergie (%),97.05348837209304
Côtes-d'Armor,22,01/01/2024,Part de production d'énergie renouvelable sur la production totale d'énergie (%),97.15017441860466
Finistère,29,01/01/2000,Part de production d'énergie renouvelable sur la production totale d'énergie (%),98.49386281588448
Finistère,29,01/01/2001,Part de production d'énergie renouvelable sur la production totale d'énergie (%),98.49996389891696
Finistère,29,01/01/2002,Part de production d'énergie renouvelable sur la production totale d'énergie (%),98.47837545126356
Finistère,29,01/01/2003,Part de production d'énergie renouvelable sur la production totale d'énergie (%),98.5198916967509
Finistère,29,01/01/2004,Part de production d'énergie renouvelable sur la production totale d'énergie (%),98.36545126353792
Finistère,29,01/01/2005,Part de production d'énergie renouvelable sur la production totale d'énergie (%),98.40638989169676
Finistère,29,01/01/2006,Part de production d'énergie renouvelable sur la production totale d'énergie (%),98.18898916967508
Finistère,29,01/01/2007,Part de production d'énergie renouvelable sur la production totale d'énergie (%),97.9842238267148
Finistère,29,01/01/2008,Part de production d'énergie renouvelable sur la production totale d'énergie (%),98.09249097472924
Finistère,29,01/01/2009,Part de production d'énergie renouvelable sur la production totale d'énergie (%),98.12267148014442
Finistère,29,01/01/2010,Part de production d'énergie renouvelable sur la production totale d'énergie (%),98.11700361010833
Finistère,29,01/01/2011,Part de production d'énergie renouvelable sur la production totale d'énergie (%),96.85848375451263
Finistère,29,01/01/2012,Part de production d'énergie renouvelable sur la production totale d'énergie (%),97.03
Finistère,29,01/01/2013,Part de production d'énergie renouvelable sur la production totale d'énergie (%),96.70920577617328
Finistère,29,01/01/2014,Part de production d'énergie renouvelable sur la production totale d'énergie (%),95.822238267148
Finistère,29,01/01/2015,Part de production d'énergie renouvelable sur la production totale d'énergie (%),94.68046931407942
Finistère,29,01/01/2016,Part de production d'énergie renouvelable sur la production totale d'énergie (%),94.58018050541516
Finistère,29,01/01/2017,Part de production d'énergie renouvelable sur la production totale d'énergie (%),93.23061371841156
Finistère,29,01/01/2018,Part de production d'énergie renouvelable sur la production totale d'énergie (%),92.54714801444042
Finistère,29,01/01/2019,Part de production d'énergie renouvelable sur la production totale d'énergie (%),92.29119133574004
Finistère,29,01/01/2020,Part de production d'énergie renouvelable sur la production totale d'énergie (%),92.2157761732852
Finistère,29,01/01/2021,Part de production d'énergie renouvelable sur la production totale d'énergie (%),92.17234657039712
Finistère,29,01/01/2022,Part de production d'énergie renouvelable sur la production totale d'énergie (%),91.46758122743682
Finistère,29,01/01/2023,Part de production d'énergie renouvelable sur la production totale d'énergie (%),91.9314440433213
Finistère,29,01/01/2024,Part de production d'énergie renouvelable sur la production totale d'énergie (%),92.1095667870036
Ille-et-Vilaine,35,01/01/2000,Part de production d'énergie renouvelable sur la production totale d'énergie (%),99.21012048192772
Ille-et-Vilaine,35,01/01/2001,Part de production d'énergie renouvelable sur la production totale d'énergie (%),99.21204819277108
Ille-et-Vilaine,35,01/01/2002,Part de production d'énergie renouvelable sur la production totale d'énergie (%),99.20165662650602
Ille-et-Vilaine,35,01/01/2003,Part de production d'énergie renouvelable sur la production totale d'énergie (%),99.21231927710843
Ille-et-Vilaine,35,01/01/2004,Part de production d'énergie renouvelable sur la production totale d'énergie (%),99.21210843373494
Ille-et-Vilaine,35,01/01/2005,Part de production d'énergie renouvelable sur la production totale d'énergie (%),99.20237951807228
Ille-et-Vilaine,35,01/01/2006,Part de production d'énergie renouvelable sur la production totale d'énergie (%),99.2135843373494
Ille-et-Vilaine,35,01/01/2007,Part de production d'énergie renouvelable sur la production totale d'énergie (%),99.20894578313252
Ille-et-Vilaine,35,01/01/2008,Part de production d'énergie renouvelable sur la production totale d'énergie (%),99.23996987951809
Ille-et-Vilaine,35,01/01/2009,Part de production d'énergie renouvelable sur la production totale d'énergie (%),99.24493975903614
Ille-et-Vilaine,35,01/01/2010,Part de production d'énergie renouvelable sur la production totale d'énergie (%),99.04201807228915
Ille-et-Vilaine,35,01/01/2011,Part de production d'énergie renouvelable sur la production totale d'énergie (%),98.91334337349396
Ille-et-Vilaine,35,01/01/2012,Part de production d'énergie renouvelable sur la production totale d'énergie (%),99.00858433734942
Ille-et-Vilaine,35,01/01/2013,Part de production d'énergie renouvelable sur la production totale d'énergie (%),99.05322289156626
Ille-et-Vilaine,35,01/01/2014,Part de production d'énergie renouvelable sur la production totale d'énergie (%),98.93777108433734
Ille-et-Vilaine,35,01/01/2015,Part de production d'énergie renouvelable sur la production totale d'énergie (%),98.81909638554218
Ille-et-Vilaine,35,01/01/2016,Part de production d'énergie renouvelable sur la production totale d'énergie (%),98.14623493975904
Ille-et-Vilaine,35,01/01/2017,Part de production d'énergie renouvelable sur la production totale d'énergie (%),97.84957831325303
Ille-et-Vilaine,35,01/01/2018,Part de production d'énergie renouvelable sur la production totale d'énergie (%),97.8717469879518
Ille-et-Vilaine,35,01/01/2019,Part de production d'énergie renouvelable sur la production totale d'énergie (%),97.76
Ille-et-Vilaine,35,01/01/2020,Part de production d'énergie renouvelable sur la production totale d'énergie (%),97.58906626506024
Ille-et-Vilaine,35,01/01/2021,Part de production d'énergie renouvelable sur la production totale d'énergie (%),97.58445783132532
Ille-et-Vilaine,35,01/01/2022,Part de production d'énergie renouvelable sur la production totale d'énergie (%),97.43762048192772
Ille-et-Vilaine,35,01/01/2023,Part de production d'énergie renouvelable sur la production totale d'énergie (%),97.83584337349396
Ille-et-Vilaine,35,01/01/2024,Part de production d'énergie renouvelable sur la production totale d'énergie (%),97.7641265060241
Morbihan,56,01/01/2000,Part de production d'énergie renouvelable sur la production totale d'énergie (%),99.83859437751003
Morbihan,56,01/01/2001,Part de production d'énergie renouvelable sur la production totale d'énergie (%),99.83907630522089
Morbihan,56,01/01/2002,Part de production d'énergie renouvelable sur la production totale d'énergie (%),99.84076305220884
Morbihan,56,01/01/2003,Part de production d'énergie renouvelable sur la production totale d'énergie (%),99.8391967871486
Morbihan,56,01/01/2004,Part de production d'énergie renouvelable sur la production totale d'énergie (%),99.82401606425702
Morbihan,56,01/01/2005,Part de production d'énergie renouvelable sur la production totale d'énergie (%),99.84104417670682
Morbihan,56,01/01/2006,Part de production d'énergie renouvelable sur la production totale d'énergie (%),99.83951807228917
Morbihan,56,01/01/2007,Part de production d'énergie renouvelable sur la production totale d'énergie (%),99.83851405622492
Morbihan,56,01/01/2008,Part de production d'énergie renouvelable sur la production totale d'énergie (%),99.8378313253012
Morbihan,56,01/01/2009,Part de production d'énergie renouvelable sur la production totale d'énergie (%),99.85112449799198
Morbihan,56,01/01/2010,Part de production d'énergie renouvelable sur la production totale d'énergie (%),99.829437751004
Morbihan,56,01/01/2011,Part de production d'énergie renouvelable sur la production totale d'énergie (%),99.6306827309237
Morbihan,56,01/01/2012,Part de production d'énergie renouvelable sur la production totale d'énergie (%),99.66738955823293
Morbihan,56,01/01/2013,Part de production d'énergie renouvelable sur la production totale d'énergie (%),99.73763052208837
Morbihan,56,01/01/2014,Part de production d'énergie renouvelable sur la production totale d'énergie (%),99.80281124497992
Morbihan,56,01/01/2015,Part de production d'énergie renouvelable sur la production totale d'énergie (%),99.65915662650605
Morbihan,56,01/01/2016,Part de production d'énergie renouvelable sur la production totale d'énergie (%),99.66088353413654
Morbihan,56,01/01/2017,Part de production d'énergie renouvelable sur la production totale d'énergie (%),99.65044176706829
Morbihan,56,01/01/2018,Part de production d'énergie renouvelable sur la production totale d'énergie (%),99.69626506024096
Morbihan,56,01/01/2019,Part de production d'énergie renouvelable sur la production totale d'énergie (%),99.68116465863454
Morbihan,56,01/01/2020,Part de production d'énergie renouvelable sur la production totale d'énergie (%),99.79779116465863
Morbihan,56,01/01/2021,Part de production d'énergie renouvelable sur la production totale d'énergie (%),99.66983935742972
Morbihan,56,01/01/2022,Part de production d'énergie renouvelable sur la production totale d'énergie (%),99.66373493975904
Morbihan,56,01/01/2023,Part de production d'énergie renouvelable sur la production totale d'énergie (%),99.70775100401606
Morbihan,56,01/01/2024,Part de production d'énergie renouvelable sur la production totale d'énergie (%),99.72995983935742
Côtes-d'Armor,22,01/01/2000,Part de production d'électricité renouvelable sur la production totale d'électricité (%),78.73545454545454
Côtes-d'Armor,22,01/01/2001,Part de production d'électricité renouvelable sur la production totale d'électricité (%),78.71636363636364
Côtes-d'Armor,22,01/01/2002,Part de production d'électricité renouvelable sur la production totale d'électricité (%),78.46636363636364
Côtes-d'Armor,22,01/01/2003,Part de production d'électricité renouvelable sur la production totale d'électricité (%),79.85416666666667
Côtes-d'Armor,22,01/01/2004,Part de production d'électricité renouvelable sur la production totale d'électricité (%),83.33333333333333
Côtes-d'Armor,22,01/01/2005,Part de production d'électricité renouvelable sur la production totale d'électricité (%),85.85235294117648
Côtes-d'Armor,22,01/01/2006,Part de production d'électricité renouvelable sur la production totale d'électricité (%),90.39888888888888
Côtes-d'Armor,22,01/01/2007,Part de production d'électricité renouvelable sur la production totale d'électricité (%),90.12090909090908
Côtes-d'Armor,22,01/01/2008,Part de production d'électricité renouvelable sur la production totale d'électricité (%),92.8636
Côtes-d'Armor,22,01/01/2009,Part de production d'électricité renouvelable sur la production totale d'électricité (%),94.892
Côtes-d'Armor,22,01/01/2010,Part de production d'électricité renouvelable sur la production totale d'électricité (%),96.97465753424656
Côtes-d'Armor,22,01/01/2011,Part de production d'électricité renouvelable sur la production totale d'électricité (%),96.23841584158416
Côtes-d'Armor,22,01/01/2012,Part de production d'électricité renouvelable sur la production totale d'électricité (%),95.40833333333332
Côtes-d'Armor,22,01/01/2013,Part de production d'électricité renouvelable sur la production totale d'électricité (%),94.78681415929204
Côtes-d'Armor,22,01/01/2014,Part de production d'électricité renouvelable sur la production totale d'électricité (%),95.65153225806452
Côtes-d'Armor,22,01/01/2015,Part de production d'électricité renouvelable sur la production totale d'électricité (%),92.0045038167939
Côtes-d'Armor,22,01/01/2016,Part de production d'électricité renouvelable sur la production totale d'électricité (%),87.96722627737226
Côtes-d'Armor,22,01/01/2017,Part de production d'électricité renouvelable sur la production totale d'électricité (%),91.9493
Côtes-d'Armor,22,01/01/2018,Part de production d'électricité renouvelable sur la production totale d'électricité (%),92.5721153846154
Côtes-d'Armor,22,01/01/2019,Part de production d'électricité renouvelable sur la production totale d'électricité (%),92.51216981132076
Côtes-d'Armor,22,01/01/2020,Part de production d'électricité renouvelable sur la production totale d'électricité (%),92.35752293577984
Côtes-d'Armor,22,01/01/2021,Part de production d'électricité renouvelable sur la production totale d'électricité (%),93.03930434782608
Côtes-d'Armor,22,01/01/2022,Part de production d'électricité renouvelable sur la production totale d'électricité (%),93.44534136546184
Côtes-d'Armor,22,01/01/2023,Part de production d'électricité renouvelable sur la production totale d'électricité (%),94.46549450549452
Côtes-d'Armor,22,01/01/2024,Part de production d'électricité renouvelable sur la production totale d'électricité (%),94.90127516778524
Finistère,29,01/01/2000,Part de production d'électricité renouvelable sur la production totale d'électricité (%),46.863125
Finistère,29,01/01/2001,Part de production d'électricité renouvelable sur la production totale d'électricité (%),46.863125
Finistère,29,01/01/2002,Part de production d'électricité renouvelable sur la production totale d'électricité (%),57.4905
Finistère,29,01/01/2003,Part de production d'électricité renouvelable sur la production totale d'électricité (%),57.4905
Finistère,29,01/01/2004,Part de production d'électricité renouvelable sur la production totale d'électricité (%),60.990434782608695
Finistère,29,01/01/2005,Part de production d'électricité renouvelable sur la production totale d'électricité (%),63.16583333333333
Finistère,29,01/01/2006,Part de production d'électricité renouvelable sur la production totale d'électricité (%),63.07285714285714
Finistère,29,01/01/2007,Part de production d'électricité renouvelable sur la production totale d'électricité (%),69.03085714285714
Finistère,29,01/01/2008,Part de production d'électricité renouvelable sur la production totale d'électricité (%),71.47473684210526
Finistère,29,01/01/2009,Part de production d'électricité renouvelable sur la production totale d'électricité (%),76.49119047619048
Finistère,29,01/01/2010,Part de production d'électricité renouvelable sur la production totale d'électricité (%),83.60385964912281
Finistère,29,01/01/2011,Part de production d'électricité renouvelable sur la production totale d'électricité (%),85.87641509433963
Finistère,29,01/01/2012,Part de production d'électricité renouvelable sur la production totale d'électricité (%),87.72810344827586
Finistère,29,01/01/2013,Part de production d'électricité renouvelable sur la production totale d'électricité (%),88.80806451612904
Finistère,29,01/01/2014,Part de production d'électricité renouvelable sur la production totale d'électricité (%),86.771328125
Finistère,29,01/01/2015,Part de production d'électricité renouvelable sur la production totale d'électricité (%),83.90555555555555
Finistère,29,01/01/2016,Part de production d'électricité renouvelable sur la production totale d'électricité (%),82.63957142857143
Finistère,29,01/01/2017,Part de production d'électricité renouvelable sur la production totale d'électricité (%),85.76253731343284
Finistère,29,01/01/2018,Part de production d'électricité renouvelable sur la production totale d'électricité (%),84.81751219512195
Finistère,29,01/01/2019,Part de production d'électricité renouvelable sur la production totale d'électricité (%),85.2893896713615
Finistère,29,01/01/2020,Part de production d'électricité renouvelable sur la production totale d'électricité (%),85.55371559633028
Finistère,29,01/01/2021,Part de production d'électricité renouvelable sur la production totale d'électricité (%),85.6355111111111
Finistère,29,01/01/2022,Part de production d'électricité renouvelable sur la production totale d'électricité (%),85.36103448275861
Finistère,29,01/01/2023,Part de production d'électricité renouvelable sur la production totale d'électricité (%),86.17048387096774
Finistère,29,01/01/2024,Part de production d'électricité renouvelable sur la production totale d'électricité (%),86.7250980392157
Ille-et-Vilaine,35,01/01/2000,Part de production d'électricité renouvelable sur la production totale d'électricité (%),49.97625
Ille-et-Vilaine,35,01/01/2001,Part de production d'électricité renouvelable sur la production totale d'électricité (%),49.995000000000005
Ille-et-Vilaine,35,01/01/2002,Part de production d'électricité renouvelable sur la production totale d'électricité (%),49.9925
Ille-et-Vilaine,35,01/01/2003,Part de production d'électricité renouvelable sur la production totale d'électricité (%),42.85285714285715
Ille-et-Vilaine,35,01/01/2004,Part de production d'électricité renouvelable sur la production totale d'électricité (%),49.99375
Ille-et-Vilaine,35,01/01/2005,Part de production d'électricité renouvelable sur la production totale d'électricité (%),48.4325
Ille-et-Vilaine,35,01/01/2006,Part de production d'électricité renouvelable sur la production totale d'électricité (%),57.73
Ille-et-Vilaine,35,01/01/2007,Part de production d'électricité renouvelable sur la production totale d'électricité (%),62.24272727272728
Ille-et-Vilaine,35,01/01/2008,Part de production d'électricité renouvelable sur la production totale d'électricité (%),77.87315789473685
Ille-et-Vilaine,35,01/01/2009,Part de production d'électricité renouvelable sur la production totale d'électricité (%),85.01
Ille-et-Vilaine,35,01/01/2010,Part de production d'électricité renouvelable sur la production totale d'électricité (%),90.5924074074074
Ille-et-Vilaine,35,01/01/2011,Part de production d'électricité renouvelable sur la production totale d'électricité (%),94.16745098039218
Ille-et-Vilaine,35,01/01/2012,Part de production d'électricité renouvelable sur la production totale d'électricité (%),95.58475806451614
Ille-et-Vilaine,35,01/01/2013,Part de production d'électricité renouvelable sur la production totale d'électricité (%),96.5776811594203
Ille-et-Vilaine,35,01/01/2014,Part de production d'électricité renouvelable sur la production totale d'électricité (%),96.58131578947368
Ille-et-Vilaine,35,01/01/2015,Part de production d'électricité renouvelable sur la production totale d'électricité (%),95.21632911392405
Ille-et-Vilaine,35,01/01/2016,Part de production d'électricité renouvelable sur la production totale d'électricité (%),92.60550898203591
Ille-et-Vilaine,35,01/01/2017,Part de production d'électricité renouvelable sur la production totale d'électricité (%),95.95760299625468
Ille-et-Vilaine,35,01/01/2018,Part de production d'électricité renouvelable sur la production totale d'électricité (%),96.28527472527472
Ille-et-Vilaine,35,01/01/2019,Part de production d'électricité renouvelable sur la production totale d'électricité (%),96.05828467153285
Ille-et-Vilaine,35,01/01/2020,Part de production d'électricité renouvelable sur la production totale d'électricité (%),95.91794964028776
Ille-et-Vilaine,35,01/01/2021,Part de production d'électricité renouvelable sur la production totale d'électricité (%),95.93993006993009
Ille-et-Vilaine,35,01/01/2022,Part de production d'électricité renouvelable sur la production totale d'électricité (%),95.75662162162162
Ille-et-Vilaine,35,01/01/2023,Part de production d'électricité renouvelable sur la production totale d'électricité (%),96.14062091503268
Ille-et-Vilaine,35,01/01/2024,Part de production d'électricité renouvelable sur la production totale d'électricité (%),96.21079872204471
Morbihan,56,01/01/2000,Part de production d'électricité renouvelable sur la production totale d'électricité (%),63.63636363636363
Morbihan,56,01/01/2001,Part de production d'électricité renouvelable sur la production totale d'électricité (%),63.63636363636363
Morbihan,56,01/01/2002,Part de production d'électricité renouvelable sur la production totale d'électricité (%),63.63636363636363
Morbihan,56,01/01/2003,Part de production d'électricité renouvelable sur la production totale d'électricité (%),69.23076923076923
Morbihan,56,01/01/2004,Part de production d'électricité renouvelable sur la production totale d'électricité (%),71.42857142857143
Morbihan,56,01/01/2005,Part de production d'électricité renouvelable sur la production totale d'électricité (%),76.47058823529412
Morbihan,56,01/01/2006,Part de production d'électricité renouvelable sur la production totale d'électricité (%),80.95238095238095
Morbihan,56,01/01/2007,Part de production d'électricité renouvelable sur la production totale d'électricité (%),82.6086956521739
Morbihan,56,01/01/2008,Part de production d'électricité renouvelable sur la production totale d'électricité (%),85.18518518518519
Morbihan,56,01/01/2009,Part de production d'électricité renouvelable sur la production totale d'électricité (%),92.3765
Morbihan,56,01/01/2010,Part de production d'électricité renouvelable sur la production totale d'électricité (%),95.8654794520548
Morbihan,56,01/01/2011,Part de production d'électricité renouvelable sur la production totale d'électricité (%),96.85385416666668
Morbihan,56,01/01/2012,Part de production d'électricité renouvelable sur la production totale d'électricité (%),97.32813725490196
Morbihan,56,01/01/2013,Part de production d'électricité renouvelable sur la production totale d'électricité (%),97.85796296296296
Morbihan,56,01/01/2014,Part de production d'électricité renouvelable sur la production totale d'électricité (%),98.36577586206896
Morbihan,56,01/01/2015,Part de production d'électricité renouvelable sur la production totale d'électricité (%),97.99452991452992
Morbihan,56,01/01/2016,Part de production d'électricité renouvelable sur la production totale d'électricité (%),96.7085593220339
Morbihan,56,01/01/2017,Part de production d'électricité renouvelable sur la production totale d'électricité (%),98.74634408602152
Morbihan,56,01/01/2018,Part de production d'électricité renouvelable sur la production totale d'électricité (%),99.47036082474229
Morbihan,56,01/01/2019,Part de production d'électricité renouvelable sur la production totale d'électricité (%),99.26763819095478
Morbihan,56,01/01/2020,Part de production d'électricité renouvelable sur la production totale d'électricité (%),99.20504807692308
Morbihan,56,01/01/2021,Part de production d'électricité renouvelable sur la production totale d'électricité (%),99.2602358490566
Morbihan,56,01/01/2022,Part de production d'électricité renouvelable sur la production totale d'électricité (%),99.00146788990826
Morbihan,56,01/01/2023,Part de production d'électricité renouvelable sur la production totale d'électricité (%),99.2783185840708
Morbihan,56,01/01/2024,Part de production d'électricité renouvelable sur la production totale d'électricité (%),99.55069565217391
Côtes-d'Armor,22,01/01/2000,Part de production de chaleur renouvelable sur la production totale de chaleur (%),99.8605523255814
Côtes-d'Armor,22,01/01/2001,Part de production de chaleur renouvelable sur la production totale de chaleur (%),99.86340116279068
Côtes-d'Armor,22,01/01/2002,Part de production de chaleur renouvelable sur la production totale de chaleur (%),99.86223837209305
Côtes-d'Armor,22,01/01/2003,Part de production de chaleur renouvelable sur la production totale de chaleur (%),99.85811046511628
Côtes-d'Armor,22,01/01/2004,Part de production de chaleur renouvelable sur la production totale de chaleur (%),99.86145348837208
Côtes-d'Armor,22,01/01/2005,Part de production de chaleur renouvelable sur la production totale de chaleur (%),99.85773255813952
Côtes-d'Armor,22,01/01/2006,Part de production de chaleur renouvelable sur la production totale de chaleur (%),99.86156976744184
Côtes-d'Armor,22,01/01/2007,Part de production de chaleur renouvelable sur la production totale de chaleur (%),99.85895348837208
Côtes-d'Armor,22,01/01/2008,Part de production de chaleur renouvelable sur la production totale de chaleur (%),99.85601744186047
Côtes-d'Armor,22,01/01/2009,Part de production de chaleur renouvelable sur la production totale de chaleur (%),99.85854651162788
Côtes-d'Armor,22,01/01/2010,Part de production de chaleur renouvelable sur la production totale de chaleur (%),99.84337209302323
Côtes-d'Armor,22,01/01/2011,Part de production de chaleur renouvelable sur la production totale de chaleur (%),99.64883720930231
Côtes-d'Armor,22,01/01/2012,Part de production de chaleur renouvelable sur la production totale de chaleur (%),99.55773255813952
Côtes-d'Armor,22,01/01/2013,Part de production de chaleur renouvelable sur la production totale de chaleur (%),99.48947674418606
Côtes-d'Armor,22,01/01/2014,Part de production de chaleur renouvelable sur la production totale de chaleur (%),99.50302325581391
Côtes-d'Armor,22,01/01/2015,Part de production de chaleur renouvelable sur la production totale de chaleur (%),99.18261627906976
Côtes-d'Armor,22,01/01/2016,Part de production de chaleur renouvelable sur la production totale de chaleur (%),98.02593023255814
Côtes-d'Armor,22,01/01/2017,Part de production de chaleur renouvelable sur la production totale de chaleur (%),97.61133720930232
Côtes-d'Armor,22,01/01/2018,Part de production de chaleur renouvelable sur la production totale de chaleur (%),97.53093023255812
Côtes-d'Armor,22,01/01/2019,Part de production de chaleur renouvelable sur la production totale de chaleur (%),97.51563953488372
Côtes-d'Armor,22,01/01/2020,Part de production de chaleur renouvelable sur la production totale de chaleur (%),97.44191860465116
Côtes-d'Armor,22,01/01/2021,Part de production de chaleur renouvelable sur la production totale de chaleur (%),97.51392441860465
Côtes-d'Armor,22,01/01/2022,Part de production de chaleur renouvelable sur la production totale de chaleur (%),97.31377906976743
Côtes-d'Armor,22,01/01/2023,Part de production de chaleur renouvelable sur la production totale de chaleur (%),97.51226744186047
Côtes-d'Armor,22,01/01/2024,Part de production de chaleur renouvelable sur la production totale de chaleur (%),97.6830523255814
Finistère,29,01/01/2000,Part de production de chaleur renouvelable sur la production totale de chaleur (%),99.7390974729242
Finistère,29,01/01/2001,Part de production de chaleur renouvelable sur la production totale de chaleur (%),99.7396750902527
Finistère,29,01/01/2002,Part de production de chaleur renouvelable sur la production totale de chaleur (%),99.74101083032492
Finistère,29,01/01/2003,Part de production de chaleur renouvelable sur la production totale de chaleur (%),99.75487364620938
Finistère,29,01/01/2004,Part de production de chaleur renouvelable sur la production totale de chaleur (%),99.5101083032491
Finistère,29,01/01/2005,Part de production de chaleur renouvelable sur la production totale de chaleur (%),99.5171119133574
Finistère,29,01/01/2006,Part de production de chaleur renouvelable sur la production totale de chaleur (%),99.26927797833936
Finistère,29,01/01/2007,Part de production de chaleur renouvelable sur la production totale de chaleur (%),99.25837545126352
Finistère,29,01/01/2008,Part de production de chaleur renouvelable sur la production totale de chaleur (%),99.2774368231047
Finistère,29,01/01/2009,Part de production de chaleur renouvelable sur la production totale de chaleur (%),99.28812274368232
Finistère,29,01/01/2010,Part de production de chaleur renouvelable sur la production totale de chaleur (%),99.23638989169676
Finistère,29,01/01/2011,Part de production de chaleur renouvelable sur la production totale de chaleur (%),98.16072202166065
Finistère,29,01/01/2012,Part de production de chaleur renouvelable sur la production totale de chaleur (%),98.4115523465704
Finistère,29,01/01/2013,Part de production de chaleur renouvelable sur la production totale de chaleur (%),98.132238267148
Finistère,29,01/01/2014,Part de production de chaleur renouvelable sur la production totale de chaleur (%),97.36194945848376
Finistère,29,01/01/2015,Part de production de chaleur renouvelable sur la production totale de chaleur (%),96.43960288808664
Finistère,29,01/01/2016,Part de production de chaleur renouvelable sur la production totale de chaleur (%),96.3875451263538
Finistère,29,01/01/2017,Part de production de chaleur renouvelable sur la production totale de chaleur (%),95.22992779783394
Finistère,29,01/01/2018,Part de production de chaleur renouvelable sur la production totale de chaleur (%),94.58772563176896
Finistère,29,01/01/2019,Part de production de chaleur renouvelable sur la production totale de chaleur (%),94.36270758122744
Finistère,29,01/01/2020,Part de production de chaleur renouvelable sur la production totale de chaleur (%),94.3319855595668
Finistère,29,01/01/2021,Part de production de chaleur renouvelable sur la production totale de chaleur (%),94.51678700361012
Finistère,29,01/01/2022,Part de production de chaleur renouvelable sur la production totale de chaleur (%),93.91599277978338
Finistère,29,01/01/2023,Part de production de chaleur renouvelable sur la production totale de chaleur (%),94.37317689530686
Finistère,29,01/01/2024,Part de production de chaleur renouvelable sur la production totale de chaleur (%),94.56469314079422
Ille-et-Vilaine,35,01/01/2000,Part de production de chaleur renouvelable sur la production totale de chaleur (%),99.2690361445783
Ille-et-Vilaine,35,01/01/2001,Part de production de chaleur renouvelable sur la production totale de chaleur (%),99.2694578313253
Ille-et-Vilaine,35,01/01/2002,Part de production de chaleur renouvelable sur la production totale de chaleur (%),99.25765060240964
Ille-et-Vilaine,35,01/01/2003,Part de production de chaleur renouvelable sur la production totale de chaleur (%),99.26912650602412
Ille-et-Vilaine,35,01/01/2004,Part de production de chaleur renouvelable sur la production totale de chaleur (%),99.27078313253013
Ille-et-Vilaine,35,01/01/2005,Part de production de chaleur renouvelable sur la production totale de chaleur (%),99.26677710843371
Ille-et-Vilaine,35,01/01/2006,Part de production de chaleur renouvelable sur la production totale de chaleur (%),99.2821686746988
Ille-et-Vilaine,35,01/01/2007,Part de production de chaleur renouvelable sur la production totale de chaleur (%),99.2739156626506
Ille-et-Vilaine,35,01/01/2008,Part de production de chaleur renouvelable sur la production totale de chaleur (%),99.31201807228916
Ille-et-Vilaine,35,01/01/2009,Part de production de chaleur renouvelable sur la production totale de chaleur (%),99.31855421686744
Ille-et-Vilaine,35,01/01/2010,Part de production de chaleur renouvelable sur la production totale de chaleur (%),99.1555421686747
Ille-et-Vilaine,35,01/01/2011,Part de production de chaleur renouvelable sur la production totale de chaleur (%),99.09415662650603
Ille-et-Vilaine,35,01/01/2012,Part de production de chaleur renouvelable sur la production totale de chaleur (%),99.14150602409636
Ille-et-Vilaine,35,01/01/2013,Part de production de chaleur renouvelable sur la production totale de chaleur (%),99.19331325301204
Ille-et-Vilaine,35,01/01/2014,Part de production de chaleur renouvelable sur la production totale de chaleur (%),99.11978915662652
Ille-et-Vilaine,35,01/01/2015,Part de production de chaleur renouvelable sur la production totale de chaleur (%),99.06144578313254
Ille-et-Vilaine,35,01/01/2016,Part de production de chaleur renouvelable sur la production totale de chaleur (%),98.54590361445784
Ille-et-Vilaine,35,01/01/2017,Part de production de chaleur renouvelable sur la production totale de chaleur (%),98.19918674698796
Ille-et-Vilaine,35,01/01/2018,Part de production de chaleur renouvelable sur la production totale de chaleur (%),98.21289156626506
Ille-et-Vilaine,35,01/01/2019,Part de production de chaleur renouvelable sur la production totale de chaleur (%),98.1215060240964
Ille-et-Vilaine,35,01/01/2020,Part de production de chaleur renouvelable sur la production totale de chaleur (%),97.95388554216868
Ille-et-Vilaine,35,01/01/2021,Part de production de chaleur renouvelable sur la production totale de chaleur (%),97.96807228915664
Ille-et-Vilaine,35,01/01/2022,Part de production de chaleur renouvelable sur la production totale de chaleur (%),97.8216265060241
Ille-et-Vilaine,35,01/01/2023,Part de production de chaleur renouvelable sur la production totale de chaleur (%),98.1099096385542
Ille-et-Vilaine,35,01/01/2024,Part de production de chaleur renouvelable sur la production totale de chaleur (%),98.03243975903617
Morbihan,56,01/01/2000,Part de production de chaleur renouvelable sur la production totale de chaleur (%),99.85742971887552
Morbihan,56,01/01/2001,Part de production de chaleur renouvelable sur la production totale de chaleur (%),99.8577108433735
Morbihan,56,01/01/2002,Part de production de chaleur renouvelable sur la production totale de chaleur (%),99.86124497991968
Morbihan,56,01/01/2003,Part de production de chaleur renouvelable sur la production totale de chaleur (%),99.85795180722891
Morbihan,56,01/01/2004,Part de production de chaleur renouvelable sur la production totale de chaleur (%),99.84236947791165
Morbihan,56,01/01/2005,Part de production de chaleur renouvelable sur la production totale de chaleur (%),99.8591967871486
Morbihan,56,01/01/2006,Part de production de chaleur renouvelable sur la production totale de chaleur (%),99.85666666666668
Morbihan,56,01/01/2007,Part de production de chaleur renouvelable sur la production totale de chaleur (%),99.85654618473896
Morbihan,56,01/01/2008,Part de production de chaleur renouvelable sur la production totale de chaleur (%),99.85441767068274
Morbihan,56,01/01/2009,Part de production de chaleur renouvelable sur la production totale de chaleur (%),99.8656626506024
Morbihan,56,01/01/2010,Part de production de chaleur renouvelable sur la production totale de chaleur (%),99.84096385542168
Morbihan,56,01/01/2011,Part de production de chaleur renouvelable sur la production totale de chaleur (%),99.71582329317268
Morbihan,56,01/01/2012,Part de production de chaleur renouvelable sur la production totale de chaleur (%),99.72401606425704
Morbihan,56,01/01/2013,Part de production de chaleur renouvelable sur la production totale de chaleur (%),99.7620080321285
Morbihan,56,01/01/2014,Part de production de chaleur renouvelable sur la production totale de chaleur (%),99.80983935742972
Morbihan,56,01/01/2015,Part de production de chaleur renouvelable sur la production totale de chaleur (%),99.71578313253012
Morbihan,56,01/01/2016,Part de production de chaleur renouvelable sur la production totale de chaleur (%),99.72562248995985
Morbihan,56,01/01/2017,Part de production de chaleur renouvelable sur la production totale de chaleur (%),99.71718875502008
Morbihan,56,01/01/2018,Part de production de chaleur renouvelable sur la production totale de chaleur (%),99.74433734939758
Morbihan,56,01/01/2019,Part de production de chaleur renouvelable sur la production totale de chaleur (%),99.7270281124498
Morbihan,56,01/01/2020,Part de production de chaleur renouvelable sur la production totale de chaleur (%),99.85313253012048
Morbihan,56,01/01/2021,Part de production de chaleur renouvelable sur la production totale de chaleur (%),99.71425702811244
Morbihan,56,01/01/2022,Part de production de chaleur renouvelable sur la production totale de chaleur (%),99.72465863453816
Morbihan,56,01/01/2023,Part de production de chaleur renouvelable sur la production totale de chaleur (%),99.75353413654618
Morbihan,56,01/01/2024,Part de production de chaleur renouvelable sur la production totale de chaleur (%),99.76738955823294
Côtes-d'Armor,22,01/01/2022,Nombre de ménages en précarité énergétique logement (par niveau de vie),25618.0
Finistère,29,01/01/2022,Nombre de ménages en précarité énergétique logement (par niveau de vie),50738.0
Ille-et-Vilaine,35,01/01/2022,Nombre de ménages en précarité énergétique logement (par niveau de vie),57290.0
Morbihan,56,01/01/2022,Nombre de ménages en précarité énergétique logement (par niveau de vie),33849.0
Côtes-d'Armor,22,01/01/2022,Nombre de ménages en précarité énergétique mobilité (par niveau de vie),27202.0
Finistère,29,01/01/2022,Nombre de ménages en précarité énergétique mobilité (par niveau de vie),39847.0
Ille-et-Vilaine,35,01/01/2022,Nombre de ménages en précarité énergétique mobilité (par niveau de vie),48953.0
Morbihan,56,01/01/2022,Nombre de ménages en précarité énergétique mobilité (par niveau de vie),34644.0
Côtes-d'Armor,22,01/01/2022,Part des ménages en précarité énergétique logement (par niveau de vie),6.130747126436781
Finistère,29,01/01/2022,Part des ménages en précarité énergétique logement (par niveau de vie),5.510108303249098
Ille-et-Vilaine,35,01/01/2022,Part des ménages en précarité énergétique logement (par niveau de vie),4.208734939759036
Morbihan,56,01/01/2022,Part des ménages en précarité énergétique logement (par niveau de vie),5.524096385542169
Côtes-d'Armor,22,01/01/2022,Part des ménages en précarité énergétique mobilité (par niveau de vie),9.253448275862068
Finistère,29,01/01/2022,Part des ménages en précarité énergétique mobilité (par niveau de vie),8.138628158844766
Ille-et-Vilaine,35,01/01/2022,Part des ménages en précarité énergétique mobilité (par niveau de vie),8.495481927710843
Morbihan,56,01/01/2022,Part des ménages en précarité énergétique mobilité (par niveau de vie),8.75301204819277
Côtes-d'Armor,22,01/01/2010,Nombre d'exploitations agricoles sur le territoire,9472.0
Côtes-d'Armor,22,01/01/2020,Nombre d'exploitations agricoles sur le territoire,7316.0
Finistère,29,01/01/2010,Nombre d'exploitations agricoles sur le territoire,7789.0
Finistère,29,01/01/2020,Nombre d'exploitations agricoles sur le territoire,6267.0
Ille-et-Vilaine,35,01/01/2010,Nombre d'exploitations agricoles sur le territoire,9630.0
Ille-et-Vilaine,35,01/01/2020,Nombre d'exploitations agricoles sur le territoire,7001.0
Morbihan,56,01/01/2010,Nombre d'exploitations agricoles sur le territoire,7556.0
Morbihan,56,01/01/2020,Nombre d'exploitations agricoles sur le territoire,5763.0
Côtes-d'Armor,22,01/01/2011,Nombre de logements crées par an,3709.0
Côtes-d'Armor,22,01/01/2012,Nombre de logements crées par an,3709.0
Côtes-d'Armor,22,01/01/2013,Nombre de logements crées par an,2702.0
Côtes-d'Armor,22,01/01/2014,Nombre de logements crées par an,2275.0
Côtes-d'Armor,22,01/01/2015,Nombre de logements crées par an,2150.0
Côtes-d'Armor,22,01/01/2016,Nombre de logements crées par an,2441.0
Côtes-d'Armor,22,01/01/2017,Nombre de logements crées par an,3006.0
Côtes-d'Armor,22,01/01/2018,Nombre de logements crées par an,2608.0
Côtes-d'Armor,22,01/01/2019,Nombre de logements crées par an,2416.0
Côtes-d'Armor,22,01/01/2020,Nombre de logements crées par an,2204.0
Côtes-d'Armor,22,01/01/2021,Nombre de logements crées par an,3716.0
Côtes-d'Armor,22,01/01/2022,Nombre de logements crées par an,2963.0
Côtes-d'Armor,22,01/01/2023,Nombre de logements crées par an,2273.0
Finistère,29,01/01/2011,Nombre de logements crées par an,5745.0
Finistère,29,01/01/2012,Nombre de logements crées par an,4380.0
Finistère,29,01/01/2013,Nombre de logements crées par an,4270.0
Finistère,29,01/01/2014,Nombre de logements crées par an,2689.0
Finistère,29,01/01/2015,Nombre de logements crées par an,3602.0
Finistère,29,01/01/2016,Nombre de logements crées par an,3481.0
Finistère,29,01/01/2017,Nombre de logements crées par an,4449.0
Finistère,29,01/01/2018,Nombre de logements crées par an,5422.0
Finistère,29,01/01/2019,Nombre de logements crées par an,4278.0
Finistère,29,01/01/2020,Nombre de logements crées par an,5025.0
Finistère,29,01/01/2021,Nombre de logements crées par an,5827.0
Finistère,29,01/01/2022,Nombre de logements crées par an,5398.0
Finistère,29,01/01/2023,Nombre de logements crées par an,4565.0
Ille-et-Vilaine,35,01/01/2011,Nombre de logements crées par an,8487.0
Ille-et-Vilaine,35,01/01/2012,Nombre de logements crées par an,7470.0
Ille-et-Vilaine,35,01/01/2013,Nombre de logements crées par an,7395.0
Ille-et-Vilaine,35,01/01/2014,Nombre de logements crées par an,7002.0
Ille-et-Vilaine,35,01/01/2015,Nombre de logements crées par an,7557.0
Ille-et-Vilaine,35,01/01/2016,Nombre de logements crées par an,8393.0
Ille-et-Vilaine,35,01/01/2017,Nombre de logements crées par an,9357.0
Ille-et-Vilaine,35,01/01/2018,Nombre de logements crées par an,9165.0
Ille-et-Vilaine,35,01/01/2019,Nombre de logements crées par an,8625.0
Ille-et-Vilaine,35,01/01/2020,Nombre de logements crées par an,8649.0
Ille-et-Vilaine,35,01/01/2021,Nombre de logements crées par an,9867.0
Ille-et-Vilaine,35,01/01/2022,Nombre de logements crées par an,10098.0
Ille-et-Vilaine,35,01/01/2023,Nombre de logements crées par an,6206.0
Morbihan,56,01/01/2011,Nombre de logements crées par an,5717.0
Morbihan,56,01/01/2012,Nombre de logements crées par an,5179.0
Morbihan,56,01/01/2013,Nombre de logements crées par an,4179.0
Morbihan,56,01/01/2014,Nombre de logements crées par an,3895.0
Morbihan,56,01/01/2015,Nombre de logements crées par an,3716.0
Morbihan,56,01/01/2016,Nombre de logements crées par an,3891.0
Morbihan,56,01/01/2017,Nombre de logements crées par an,5589.0
Morbihan,56,01/01/2018,Nombre de logements crées par an,5597.0
Morbihan,56,01/01/2019,Nombre de logements crées par an,4442.0
Morbihan,56,01/01/2020,Nombre de logements crées par an,5579.0
Morbihan,56,01/01/2021,Nombre de logements crées par an,6049.0
Morbihan,56,01/01/2022,Nombre de logements crées par an,5690.0
Morbihan,56,01/01/2023,Nombre de logements crées par an,4915.0
Côtes-d'Armor,22,01/01/2011,Nombre de logements autorisés par an,4372.0
Côtes-d'Armor,22,01/01/2012,Nombre de logements autorisés par an,3738.0
Côtes-d'Armor,22,01/01/2013,Nombre de logements autorisés par an,2912.0
Côtes-d'Armor,22,01/01/2014,Nombre de logements autorisés par an,2289.0
Côtes-d'Armor,22,01/01/2015,Nombre de logements autorisés par an,2570.0
Côtes-d'Armor,22,01/01/2016,Nombre de logements autorisés par an,3504.0
Côtes-d'Armor,22,01/01/2017,Nombre de logements autorisés par an,3396.0
Côtes-d'Armor,22,01/01/2018,Nombre de logements autorisés par an,3112.0
Côtes-d'Armor,22,01/01/2019,Nombre de logements autorisés par an,3056.0
Côtes-d'Armor,22,01/01/2020,Nombre de logements autorisés par an,3491.0
Côtes-d'Armor,22,01/01/2021,Nombre de logements autorisés par an,4247.0
Côtes-d'Armor,22,01/01/2022,Nombre de logements autorisés par an,4371.0
Côtes-d'Armor,22,01/01/2023,Nombre de logements autorisés par an,3719.0
Côtes-d'Armor,22,01/01/2024,Nombre de logements autorisés par an,3385.0
Finistère,29,01/01/2011,Nombre de logements autorisés par an,5755.0
Finistère,29,01/01/2012,Nombre de logements autorisés par an,5247.0
Finistère,29,01/01/2013,Nombre de logements autorisés par an,3997.0
Finistère,29,01/01/2014,Nombre de logements autorisés par an,3640.0
Finistère,29,01/01/2015,Nombre de logements autorisés par an,3710.0
Finistère,29,01/01/2016,Nombre de logements autorisés par an,4980.0
Finistère,29,01/01/2017,Nombre de logements autorisés par an,5896.0
Finistère,29,01/01/2018,Nombre de logements autorisés par an,5422.0
Finistère,29,01/01/2019,Nombre de logements autorisés par an,5333.0
Finistère,29,01/01/2020,Nombre de logements autorisés par an,5634.0
Finistère,29,01/01/2021,Nombre de logements autorisés par an,7705.0
Finistère,29,01/01/2022,Nombre de logements autorisés par an,6839.0
Finistère,29,01/01/2023,Nombre de logements autorisés par an,6035.0
Finistère,29,01/01/2024,Nombre de logements autorisés par an,4827.0
Ille-et-Vilaine,35,01/01/2011,Nombre de logements autorisés par an,10323.0
Ille-et-Vilaine,35,01/01/2012,Nombre de logements autorisés par an,9232.0
Ille-et-Vilaine,35,01/01/2013,Nombre de logements autorisés par an,8763.0
Ille-et-Vilaine,35,01/01/2014,Nombre de logements autorisés par an,6887.0
Ille-et-Vilaine,35,01/01/2015,Nombre de logements autorisés par an,7451.0
Ille-et-Vilaine,35,01/01/2016,Nombre de logements autorisés par an,10656.0
Ille-et-Vilaine,35,01/01/2017,Nombre de logements autorisés par an,10067.0
Ille-et-Vilaine,35,01/01/2018,Nombre de logements autorisés par an,9674.0
Ille-et-Vilaine,35,01/01/2019,Nombre de logements autorisés par an,10267.0
Ille-et-Vilaine,35,01/01/2020,Nombre de logements autorisés par an,8861.0
Ille-et-Vilaine,35,01/01/2021,Nombre de logements autorisés par an,13551.0
Ille-et-Vilaine,35,01/01/2022,Nombre de logements autorisés par an,11060.0
Ille-et-Vilaine,35,01/01/2023,Nombre de logements autorisés par an,7521.0
Ille-et-Vilaine,35,01/01/2024,Nombre de logements autorisés par an,7420.0
Morbihan,56,01/01/2011,Nombre de logements autorisés par an,6166.0
Morbihan,56,01/01/2012,Nombre de logements autorisés par an,5610.0
Morbihan,56,01/01/2013,Nombre de logements autorisés par an,4615.0
Morbihan,56,01/01/2014,Nombre de logements autorisés par an,3664.0
Morbihan,56,01/01/2015,Nombre de logements autorisés par an,4425.0
Morbihan,56,01/01/2016,Nombre de logements autorisés par an,5067.0
Morbihan,56,01/01/2017,Nombre de logements autorisés par an,6243.0
Morbihan,56,01/01/2018,Nombre de logements autorisés par an,5870.0
Morbihan,56,01/01/2019,Nombre de logements autorisés par an,5499.0
Morbihan,56,01/01/2020,Nombre de logements autorisés par an,6523.0
Morbihan,56,01/01/2021,Nombre de logements autorisés par an,7676.0
Morbihan,56,01/01/2022,Nombre de logements autorisés par an,6826.0
Morbihan,56,01/01/2023,Nombre de logements autorisés par an,5485.0
Morbihan,56,01/01/2024,Nombre de logements autorisés par an,6587.0
Côtes-d'Armor,22,01/01/2022,Surface totale du territoire (ha),698484.0
Finistère,29,01/01/2022,Surface totale du territoire (ha),678013.0
Ille-et-Vilaine,35,01/01/2022,Surface totale du territoire (ha),684017.0
Morbihan,56,01/01/2022,Surface totale du territoire (ha),686556.0
Côtes-d'Armor,22,01/01/2010,Surface agricole utile du territoire (ha),438313.95
Côtes-d'Armor,22,01/01/2020,Surface agricole utile du territoire (ha),433338.29
Finistère,29,01/01/2010,Surface agricole utile du territoire (ha),385380.26
Finistère,29,01/01/2020,Surface agricole utile du territoire (ha),382582.18
Ille-et-Vilaine,35,01/01/2010,Surface agricole utile du territoire (ha),446380.84
Ille-et-Vilaine,35,01/01/2020,Surface agricole utile du territoire (ha),440455.99
Morbihan,56,01/01/2010,Surface agricole utile du territoire (ha),368153.77
Morbihan,56,01/01/2020,Surface agricole utile du territoire (ha),367875.31
Côtes-d'Armor,22,01/01/2006,Nombre d'habitants du territoire,570861.0
Côtes-d'Armor,22,01/01/2007,Nombre d'habitants du territoire,576049.0
Côtes-d'Armor,22,01/01/2008,Nombre d'habitants du territoire,581570.0
Côtes-d'Armor,22,01/01/2009,Nombre d'habitants du territoire,587519.0
Côtes-d'Armor,22,01/01/2010,Nombre d'habitants du territoire,591641.0
Côtes-d'Armor,22,01/01/2011,Nombre d'habitants du territoire,594375.0
Côtes-d'Armor,22,01/01/2012,Nombre d'habitants du territoire,595531.0
Côtes-d'Armor,22,01/01/2013,Nombre d'habitants du territoire,597085.0
Côtes-d'Armor,22,01/01/2014,Nombre d'habitants du territoire,597397.0
Côtes-d'Armor,22,01/01/2015,Nombre d'habitants du territoire,598357.0
Côtes-d'Armor,22,01/01/2016,Nombre d'habitants du territoire,598953.0
Côtes-d'Armor,22,01/01/2017,Nombre d'habitants du territoire,598814.0
Côtes-d'Armor,22,01/01/2018,Nombre d'habitants du territoire,599584.0
Côtes-d'Armor,22,01/01/2019,Nombre d'habitants du territoire,600582.0
Côtes-d'Armor,22,01/01/2020,Nombre d'habitants du territoire,603640.0
Côtes-d'Armor,22,01/01/2021,Nombre d'habitants du territoire,605917.0
Côtes-d'Armor,22,01/01/2022,Nombre d'habitants du territoire,609598.0
Côtes-d'Armor,22,01/01/2023,Nombre d'habitants du territoire,611859.0
Côtes-d'Armor,22,01/01/2024,Nombre d'habitants du territoire,611859.0
Côtes-d'Armor,22,01/01/2025,Nombre d'habitants du territoire,611859.0
Finistère,29,01/01/2006,Nombre d'habitants du territoire,883001.0
Finistère,29,01/01/2007,Nombre d'habitants du territoire,885906.0
Finistère,29,01/01/2008,Nombre d'habitants du territoire,890509.0
Finistère,29,01/01/2009,Nombre d'habitants du territoire,893914.0
Finistère,29,01/01/2010,Nombre d'habitants du territoire,897628.0
Finistère,29,01/01/2011,Nombre d'habitants du territoire,899870.0
Finistère,29,01/01/2012,Nombre d'habitants du territoire,901293.0
Finistère,29,01/01/2013,Nombre d'habitants du territoire,903921.0
Finistère,29,01/01/2014,Nombre d'habitants du territoire,905855.0
Finistère,29,01/01/2015,Nombre d'habitants du territoire,907796.0
Finistère,29,01/01/2016,Nombre d'habitants du territoire,908249.0
Finistère,29,01/01/2017,Nombre d'habitants du territoire,909028.0
Finistère,29,01/01/2018,Nombre d'habitants du territoire,911735.0
Finistère,29,01/01/2019,Nombre d'habitants du territoire,915090.0
Finistère,29,01/01/2020,Nombre d'habitants du territoire,917179.0
Finistère,29,01/01/2021,Nombre d'habitants du territoire,921638.0
Finistère,29,01/01/2022,Nombre d'habitants du territoire,927912.0
Finistère,29,01/01/2023,Nombre d'habitants du territoire,933455.0
Finistère,29,01/01/2024,Nombre d'habitants du territoire,933455.0
Finistère,29,01/01/2025,Nombre d'habitants du territoire,933455.0
Ille-et-Vilaine,35,01/01/2006,Nombre d'habitants du territoire,945851.0
Ille-et-Vilaine,35,01/01/2007,Nombre d'habitants du territoire,955846.0
Ille-et-Vilaine,35,01/01/2008,Nombre d'habitants du territoire,967588.0
Ille-et-Vilaine,35,01/01/2009,Nombre d'habitants du territoire,977449.0
Ille-et-Vilaine,35,01/01/2010,Nombre d'habitants du territoire,988140.0
Ille-et-Vilaine,35,01/01/2011,Nombre d'habitants du territoire,996439.0
Ille-et-Vilaine,35,01/01/2012,Nombre d'habitants du territoire,1007901.0
Ille-et-Vilaine,35,01/01/2013,Nombre d'habitants du territoire,1019923.0
Ille-et-Vilaine,35,01/01/2014,Nombre d'habitants du territoire,1032240.0
Ille-et-Vilaine,35,01/01/2015,Nombre d'habitants du territoire,1042884.0
Ille-et-Vilaine,35,01/01/2016,Nombre d'habitants du territoire,1051779.0
Ille-et-Vilaine,35,01/01/2017,Nombre d'habitants du territoire,1060199.0
Ille-et-Vilaine,35,01/01/2018,Nombre d'habitants du territoire,1069228.0
Ille-et-Vilaine,35,01/01/2019,Nombre d'habitants du territoire,1079498.0
Ille-et-Vilaine,35,01/01/2020,Nombre d'habitants du territoire,1088855.0
Ille-et-Vilaine,35,01/01/2021,Nombre d'habitants du territoire,1098325.0
Ille-et-Vilaine,35,01/01/2022,Nombre d'habitants du territoire,1109232.0
Ille-et-Vilaine,35,01/01/2023,Nombre d'habitants du territoire,1120666.0
Ille-et-Vilaine,35,01/01/2024,Nombre d'habitants du territoire,1120666.0
Ille-et-Vilaine,35,01/01/2025,Nombre d'habitants du territoire,1120666.0
Morbihan,56,01/01/2006,Nombre d'habitants du territoire,694821.0
Morbihan,56,01/01/2007,Nombre d'habitants du territoire,702487.0
Morbihan,56,01/01/2008,Nombre d'habitants du territoire,710034.0
Morbihan,56,01/01/2009,Nombre d'habitants du territoire,716182.0
Morbihan,56,01/01/2010,Nombre d'habitants du territoire,721657.0
Morbihan,56,01/01/2011,Nombre d'habitants du territoire,727083.0
Morbihan,56,01/01/2012,Nombre d'habitants du territoire,732372.0
Morbihan,56,01/01/2013,Nombre d'habitants du territoire,737778.0
Morbihan,56,01/01/2014,Nombre d'habitants du territoire,741051.0
Morbihan,56,01/01/2015,Nombre d'habitants du territoire,744813.0
Morbihan,56,01/01/2016,Nombre d'habitants du territoire,747548.0
Morbihan,56,01/01/2017,Nombre d'habitants du territoire,750863.0
Morbihan,56,01/01/2018,Nombre d'habitants du territoire,754867.0
Morbihan,56,01/01/2019,Nombre d'habitants du territoire,759684.0
Morbihan,56,01/01/2020,Nombre d'habitants du territoire,764161.0
Morbihan,56,01/01/2021,Nombre d'habitants du territoire,768687.0
Morbihan,56,01/01/2022,Nombre d'habitants du territoire,776103.0
Morbihan,56,01/01/2023,Nombre d'habitants du territoire,783390.0
Morbihan,56,01/01/2024,Nombre d'habitants du territoire,783390.0
Morbihan,56,01/01/2025,Nombre d'habitants du territoire,783390.0
Côtes-d'Armor,22,01/01/2018,Séquestration nette de CO2 par type de sols du territoire(TeqCO2 an),583547.1204834281
Finistère,29,01/01/2018,Séquestration nette de CO2 par type de sols du territoire(TeqCO2 an),533477.8248208199
Ille-et-Vilaine,35,01/01/2018,Séquestration nette de CO2 par type de sols du territoire(TeqCO2 an),382967.77352234407
Morbihan,56,01/01/2018,Séquestration nette de CO2 par type de sols du territoire(TeqCO2 an),669653.8721797505
Côtes-d'Armor,22,01/01/2018,Part de chaleur décarbonée produite (ENR&R = renouvelable et de récupération) dans les réseaux de chaleur(%),346.7585174737869
Côtes-d'Armor,22,01/01/2019,Part de chaleur décarbonée produite (ENR&R = renouvelable et de récupération) dans les réseaux de chaleur(%),553.5485250164445
Côtes-d'Armor,22,01/01/2020,Part de chaleur décarbonée produite (ENR&R = renouvelable et de récupération) dans les réseaux de chaleur(%),533.9044427422443
Côtes-d'Armor,22,01/01/2021,Part de chaleur décarbonée produite (ENR&R = renouvelable et de récupération) dans les réseaux de chaleur(%),738.9976598054166
Côtes-d'Armor,22,01/01/2022,Part de chaleur décarbonée produite (ENR&R = renouvelable et de récupération) dans les réseaux de chaleur(%),833.7973551388161
Côtes-d'Armor,22,01/01/2023,Part de chaleur décarbonée produite (ENR&R = renouvelable et de récupération) dans les réseaux de chaleur(%),950.8636124240876
Côtes-d'Armor,22,01/01/2024,Part de chaleur décarbonée produite (ENR&R = renouvelable et de récupération) dans les réseaux de chaleur(%),946.7240892469542
Finistère,29,01/01/2018,Part de chaleur décarbonée produite (ENR&R = renouvelable et de récupération) dans les réseaux de chaleur(%),282.16381095541107
Finistère,29,01/01/2019,Part de chaleur décarbonée produite (ENR&R = renouvelable et de récupération) dans les réseaux de chaleur(%),288.3566511381913
Finistère,29,01/01/2020,Part de chaleur décarbonée produite (ENR&R = renouvelable et de récupération) dans les réseaux de chaleur(%),289.84689509208977
Finistère,29,01/01/2021,Part de chaleur décarbonée produite (ENR&R = renouvelable et de récupération) dans les réseaux de chaleur(%),458.2449693530235
Finistère,29,01/01/2022,Part de chaleur décarbonée produite (ENR&R = renouvelable et de récupération) dans les réseaux de chaleur(%),553.441594830569
Finistère,29,01/01/2023,Part de chaleur décarbonée produite (ENR&R = renouvelable et de récupération) dans les réseaux de chaleur(%),565.8166942764124
Finistère,29,01/01/2024,Part de chaleur décarbonée produite (ENR&R = renouvelable et de récupération) dans les réseaux de chaleur(%),672.7329812797614
Ille-et-Vilaine,35,01/01/2018,Part de chaleur décarbonée produite (ENR&R = renouvelable et de récupération) dans les réseaux de chaleur(%),420.90420979583183
Ille-et-Vilaine,35,01/01/2019,Part de chaleur décarbonée produite (ENR&R = renouvelable et de récupération) dans les réseaux de chaleur(%),421.1935191154867
Ille-et-Vilaine,35,01/01/2020,Part de chaleur décarbonée produite (ENR&R = renouvelable et de récupération) dans les réseaux de chaleur(%),374.4215387682348
Ille-et-Vilaine,35,01/01/2021,Part de chaleur décarbonée produite (ENR&R = renouvelable et de récupération) dans les réseaux de chaleur(%),447.3360748735093
Ille-et-Vilaine,35,01/01/2022,Part de chaleur décarbonée produite (ENR&R = renouvelable et de récupération) dans les réseaux de chaleur(%),614.8511324996698
Ille-et-Vilaine,35,01/01/2023,Part de chaleur décarbonée produite (ENR&R = renouvelable et de récupération) dans les réseaux de chaleur(%),544.9524111707595
Ille-et-Vilaine,35,01/01/2024,Part de chaleur décarbonée produite (ENR&R = renouvelable et de récupération) dans les réseaux de chaleur(%),746.8875362144702
Morbihan,56,01/01/2018,Part de chaleur décarbonée produite (ENR&R = renouvelable et de récupération) dans les réseaux de chaleur(%),447.0978512977473
Morbihan,56,01/01/2019,Part de chaleur décarbonée produite (ENR&R = renouvelable et de récupération) dans les réseaux de chaleur(%),448.6369896819924
Morbihan,56,01/01/2020,Part de chaleur décarbonée produite (ENR&R = renouvelable et de récupération) dans les réseaux de chaleur(%),441.2754577857595
Morbihan,56,01/01/2021,Part de chaleur décarbonée produite (ENR&R = renouvelable et de récupération) dans les réseaux de chaleur(%),547.1423376202542
Morbihan,56,01/01/2022,Part de chaleur décarbonée produite (ENR&R = renouvelable et de récupération) dans les réseaux de chaleur(%),551.8115564905481
Morbihan,56,01/01/2023,Part de chaleur décarbonée produite (ENR&R = renouvelable et de récupération) dans les réseaux de chaleur(%),1097.502074754693
Morbihan,56,01/01/2024,Part de chaleur décarbonée produite (ENR&R = renouvelable et de récupération) dans les réseaux de chaleur(%),1092.61286311819
Côtes-d'Armor,22,01/01/2011,Part de nouveaux logements créés collectivement sur total autorisés(%),7875.279539417404
Côtes-d'Armor,22,01/01/2012,Part de nouveaux logements créés collectivement sur total autorisés(%),8601.058900594438
Côtes-d'Armor,22,01/01/2013,Part de nouveaux logements créés collectivement sur total autorisés(%),8172.130037003254
Côtes-d'Armor,22,01/01/2014,Part de nouveaux logements créés collectivement sur total autorisés(%),5982.693807254346
Côtes-d'Armor,22,01/01/2015,Part de nouveaux logements créés collectivement sur total autorisés(%),9153.040235938392
Côtes-d'Armor,22,01/01/2016,Part de nouveaux logements créés collectivement sur total autorisés(%),4435.2881371381045
Côtes-d'Armor,22,01/01/2017,Part de nouveaux logements créés collectivement sur total autorisés(%),9017.509987420312
Côtes-d'Armor,22,01/01/2018,Part de nouveaux logements créés collectivement sur total autorisés(%),4988.303911914505
Côtes-d'Armor,22,01/01/2019,Part de nouveaux logements créés collectivement sur total autorisés(%),7070.94074074801
Côtes-d'Armor,22,01/01/2020,Part de nouveaux logements créés collectivement sur total autorisés(%),4402.81495254554
Côtes-d'Armor,22,01/01/2021,Part de nouveaux logements créés collectivement sur total autorisés(%),9753.859877269824
Côtes-d'Armor,22,01/01/2022,Part de nouveaux logements créés collectivement sur total autorisés(%),7743.467007911045
Côtes-d'Armor,22,01/01/2023,Part de nouveaux logements créés collectivement sur total autorisés(%),7285.031151200955
Finistère,29,01/01/2011,Part de nouveaux logements créés collectivement sur total autorisés(%),22376.99483146061
Finistère,29,01/01/2012,Part de nouveaux logements créés collectivement sur total autorisés(%),19298.271074974917
Finistère,29,01/01/2013,Part de nouveaux logements créés collectivement sur total autorisés(%),9869.172328949033
Finistère,29,01/01/2014,Part de nouveaux logements créés collectivement sur total autorisés(%),7180.018700966977
Finistère,29,01/01/2015,Part de nouveaux logements créés collectivement sur total autorisés(%),5212.514559415245
Finistère,29,01/01/2016,Part de nouveaux logements créés collectivement sur total autorisés(%),5857.689789184313
Finistère,29,01/01/2017,Part de nouveaux logements créés collectivement sur total autorisés(%),10596.8852385708
Finistère,29,01/01/2018,Part de nouveaux logements créés collectivement sur total autorisés(%),7529.174583768296
Finistère,29,01/01/2019,Part de nouveaux logements créés collectivement sur total autorisés(%),12277.535388204167
Finistère,29,01/01/2020,Part de nouveaux logements créés collectivement sur total autorisés(%),9969.187538811631
Finistère,29,01/01/2021,Part de nouveaux logements créés collectivement sur total autorisés(%),10606.888500331934
Finistère,29,01/01/2022,Part de nouveaux logements créés collectivement sur total autorisés(%),10781.151275757897
Finistère,29,01/01/2023,Part de nouveaux logements créés collectivement sur total autorisés(%),12811.631423168084
Ille-et-Vilaine,35,01/01/2011,Part de nouveaux logements créés collectivement sur total autorisés(%),22628.78044345228
Ille-et-Vilaine,35,01/01/2012,Part de nouveaux logements créés collectivement sur total autorisés(%),13374.12054452321
Ille-et-Vilaine,35,01/01/2013,Part de nouveaux logements créés collectivement sur total autorisés(%),13468.784905868362
Ille-et-Vilaine,35,01/01/2014,Part de nouveaux logements créés collectivement sur total autorisés(%),10681.723575153395
Ille-et-Vilaine,35,01/01/2015,Part de nouveaux logements créés collectivement sur total autorisés(%),18073.106187382997
Ille-et-Vilaine,35,01/01/2016,Part de nouveaux logements créés collectivement sur total autorisés(%),14504.823911066544
Ille-et-Vilaine,35,01/01/2017,Part de nouveaux logements créés collectivement sur total autorisés(%),13219.12483260459
Ille-et-Vilaine,35,01/01/2018,Part de nouveaux logements créés collectivement sur total autorisés(%),12159.380035421784
Ille-et-Vilaine,35,01/01/2019,Part de nouveaux logements créés collectivement sur total autorisés(%),17813.692968828378
Ille-et-Vilaine,35,01/01/2020,Part de nouveaux logements créés collectivement sur total autorisés(%),17634.755026530256
Ille-et-Vilaine,35,01/01/2021,Part de nouveaux logements créés collectivement sur total autorisés(%),14072.007570661166
Ille-et-Vilaine,35,01/01/2022,Part de nouveaux logements créés collectivement sur total autorisés(%),19527.180603812674
Ille-et-Vilaine,35,01/01/2023,Part de nouveaux logements créés collectivement sur total autorisés(%),18136.3185928735
Morbihan,56,01/01/2011,Part de nouveaux logements créés collectivement sur total autorisés(%),18214.709048235563
Morbihan,56,01/01/2012,Part de nouveaux logements créés collectivement sur total autorisés(%),13080.855391789326
Morbihan,56,01/01/2013,Part de nouveaux logements créés collectivement sur total autorisés(%),15243.457132028736
Morbihan,56,01/01/2014,Part de nouveaux logements créés collectivement sur total autorisés(%),17439.933973443232
Morbihan,56,01/01/2015,Part de nouveaux logements créés collectivement sur total autorisés(%),6587.318298666228
Morbihan,56,01/01/2016,Part de nouveaux logements créés collectivement sur total autorisés(%),5476.521756054617
Morbihan,56,01/01/2017,Part de nouveaux logements créés collectivement sur total autorisés(%),9457.969135982445
Morbihan,56,01/01/2018,Part de nouveaux logements créés collectivement sur total autorisés(%),7070.717898941098
Morbihan,56,01/01/2019,Part de nouveaux logements créés collectivement sur total autorisés(%),11993.556411512
Morbihan,56,01/01/2020,Part de nouveaux logements créés collectivement sur total autorisés(%),16450.426908384376
Morbihan,56,01/01/2021,Part de nouveaux logements créés collectivement sur total autorisés(%),14121.614546775116
Morbihan,56,01/01/2022,Part de nouveaux logements créés collectivement sur total autorisés(%),14671.923327820152
Morbihan,56,01/01/2023,Part de nouveaux logements créés collectivement sur total autorisés(%),19409.537361251645
Côtes-d'Armor,22,01/01/2008,Prélèvements d'eau sur le territoire(m3),52694400.0
Côtes-d'Armor,22,01/01/2009,Prélèvements d'eau sur le territoire(m3),64564623.0
Côtes-d'Armor,22,01/01/2010,Prélèvements d'eau sur le territoire(m3),64860081.0
Côtes-d'Armor,22,01/01/2011,Prélèvements d'eau sur le territoire(m3),67172994.0
Côtes-d'Armor,22,01/01/2012,Prélèvements d'eau sur le territoire(m3),436236189.0
Côtes-d'Armor,22,01/01/2013,Prélèvements d'eau sur le territoire(m3),588787434.0
Côtes-d'Armor,22,01/01/2014,Prélèvements d'eau sur le territoire(m3),686179504.0
Côtes-d'Armor,22,01/01/2015,Prélèvements d'eau sur le territoire(m3),432967968.0
Côtes-d'Armor,22,01/01/2016,Prélèvements d'eau sur le territoire(m3),497025691.0
Côtes-d'Armor,22,01/01/2017,Prélèvements d'eau sur le territoire(m3),500892167.0
Côtes-d'Armor,22,01/01/2018,Prélèvements d'eau sur le territoire(m3),61489910.0
Côtes-d'Armor,22,01/01/2019,Prélèvements d'eau sur le territoire(m3),672336420.0
Côtes-d'Armor,22,01/01/2020,Prélèvements d'eau sur le territoire(m3),706857786.0
Côtes-d'Armor,22,01/01/2021,Prélèvements d'eau sur le territoire(m3),558091503.0
Finistère,29,01/01/2008,Prélèvements d'eau sur le territoire(m3),85566900.0
Finistère,29,01/01/2009,Prélèvements d'eau sur le territoire(m3),79930140.6
Finistère,29,01/01/2010,Prélèvements d'eau sur le territoire(m3),84241822.4
Finistère,29,01/01/2011,Prélèvements d'eau sur le territoire(m3),79707639.4
Finistère,29,01/01/2012,Prélèvements d'eau sur le territoire(m3),155819572.0
Finistère,29,01/01/2013,Prélèvements d'eau sur le territoire(m3),151114288.0
Finistère,29,01/01/2014,Prélèvements d'eau sur le territoire(m3),163006244.0
Finistère,29,01/01/2015,Prélèvements d'eau sur le territoire(m3),145997034.0
Finistère,29,01/01/2016,Prélèvements d'eau sur le territoire(m3),150660011.0
Finistère,29,01/01/2017,Prélèvements d'eau sur le territoire(m3),119832608.0
Finistère,29,01/01/2018,Prélèvements d'eau sur le territoire(m3),81536336.0
Finistère,29,01/01/2019,Prélèvements d'eau sur le territoire(m3),190709602.0
Finistère,29,01/01/2020,Prélèvements d'eau sur le territoire(m3),192087615.0
Finistère,29,01/01/2021,Prélèvements d'eau sur le territoire(m3),154324052.0
Ille-et-Vilaine,35,01/01/2008,Prélèvements d'eau sur le territoire(m3),60939563.0
Ille-et-Vilaine,35,01/01/2009,Prélèvements d'eau sur le territoire(m3),49475905.0
Ille-et-Vilaine,35,01/01/2010,Prélèvements d'eau sur le territoire(m3),52444744.0
Ille-et-Vilaine,35,01/01/2011,Prélèvements d'eau sur le territoire(m3),51128900.0
Ille-et-Vilaine,35,01/01/2012,Prélèvements d'eau sur le territoire(m3),131169149.0
Ille-et-Vilaine,35,01/01/2013,Prélèvements d'eau sur le territoire(m3),121647170.0
Ille-et-Vilaine,35,01/01/2014,Prélèvements d'eau sur le territoire(m3),146053067.0
Ille-et-Vilaine,35,01/01/2015,Prélèvements d'eau sur le territoire(m3),118705932.0
Ille-et-Vilaine,35,01/01/2016,Prélèvements d'eau sur le territoire(m3),76700722.0
Ille-et-Vilaine,35,01/01/2017,Prélèvements d'eau sur le territoire(m3),124688590.0
Ille-et-Vilaine,35,01/01/2018,Prélèvements d'eau sur le territoire(m3),62046117.0
Ille-et-Vilaine,35,01/01/2019,Prélèvements d'eau sur le territoire(m3),146941499.0
Ille-et-Vilaine,35,01/01/2020,Prélèvements d'eau sur le territoire(m3),148443970.0
Ille-et-Vilaine,35,01/01/2021,Prélèvements d'eau sur le territoire(m3),160866823.0
Morbihan,56,01/01/2008,Prélèvements d'eau sur le territoire(m3),77956800.0
Morbihan,56,01/01/2009,Prélèvements d'eau sur le territoire(m3),73658730.0
Morbihan,56,01/01/2010,Prélèvements d'eau sur le territoire(m3),76413444.0
Morbihan,56,01/01/2011,Prélèvements d'eau sur le territoire(m3),74840237.288
Morbihan,56,01/01/2012,Prélèvements d'eau sur le territoire(m3),724257898.0
Morbihan,56,01/01/2013,Prélèvements d'eau sur le territoire(m3),913831894.0
Morbihan,56,01/01/2014,Prélèvements d'eau sur le territoire(m3),1137140953.0
Morbihan,56,01/01/2015,Prélèvements d'eau sur le territoire(m3),1250740589.0
Morbihan,56,01/01/2016,Prélèvements d'eau sur le territoire(m3),1098126461.0
Morbihan,56,01/01/2017,Prélèvements d'eau sur le territoire(m3),569767836.0
Morbihan,56,01/01/2018,Prélèvements d'eau sur le territoire(m3),86400128.0
Morbihan,56,01/01/2019,Prélèvements d'eau sur le territoire(m3),944855119.0
Morbihan,56,01/01/2020,Prélèvements d'eau sur le territoire(m3),1048578383.0
Morbihan,56,01/01/2021,Prélèvements d'eau sur le territoire(m3),1112827349.0
Côtes-d'Armor,22,01/01/2018,Volume de chaleur livrée par les réseaux de chaleur (TWh),0.0214859999999999
Côtes-d'Armor,22,01/01/2019,Volume de chaleur livrée par les réseaux de chaleur (TWh),0.03932
Côtes-d'Armor,22,01/01/2020,Volume de chaleur livrée par les réseaux de chaleur (TWh),0.02966
Côtes-d'Armor,22,01/01/2021,Volume de chaleur livrée par les réseaux de chaleur (TWh),0.048823
Côtes-d'Armor,22,01/01/2022,Volume de chaleur livrée par les réseaux de chaleur (TWh),0.045589
Côtes-d'Armor,22,01/01/2023,Volume de chaleur livrée par les réseaux de chaleur (TWh),0.041146
Côtes-d'Armor,22,01/01/2024,Volume de chaleur livrée par les réseaux de chaleur (TWh),0.0403585099999999
Finistère,29,01/01/2018,Volume de chaleur livrée par les réseaux de chaleur (TWh),0.227794
Finistère,29,01/01/2019,Volume de chaleur livrée par les réseaux de chaleur (TWh),0.241655
Finistère,29,01/01/2020,Volume de chaleur livrée par les réseaux de chaleur (TWh),0.228457
Finistère,29,01/01/2021,Volume de chaleur livrée par les réseaux de chaleur (TWh),0.288729
Finistère,29,01/01/2022,Volume de chaleur livrée par les réseaux de chaleur (TWh),0.272721
Finistère,29,01/01/2023,Volume de chaleur livrée par les réseaux de chaleur (TWh),0.268122
Finistère,29,01/01/2024,Volume de chaleur livrée par les réseaux de chaleur (TWh),0.275711
Ille-et-Vilaine,35,01/01/2018,Volume de chaleur livrée par les réseaux de chaleur (TWh),0.32674
Ille-et-Vilaine,35,01/01/2019,Volume de chaleur livrée par les réseaux de chaleur (TWh),0.403129
Ille-et-Vilaine,35,01/01/2020,Volume de chaleur livrée par les réseaux de chaleur (TWh),0.381181
Ille-et-Vilaine,35,01/01/2021,Volume de chaleur livrée par les réseaux de chaleur (TWh),0.45721
Ille-et-Vilaine,35,01/01/2022,Volume de chaleur livrée par les réseaux de chaleur (TWh),0.420809
Ille-et-Vilaine,35,01/01/2023,Volume de chaleur livrée par les réseaux de chaleur (TWh),0.436485
Ille-et-Vilaine,35,01/01/2024,Volume de chaleur livrée par les réseaux de chaleur (TWh),0.52963483
Morbihan,56,01/01/2018,Volume de chaleur livrée par les réseaux de chaleur (TWh),0.001868
Morbihan,56,01/01/2019,Volume de chaleur livrée par les réseaux de chaleur (TWh),0.019265
Morbihan,56,01/01/2020,Volume de chaleur livrée par les réseaux de chaleur (TWh),0.0130879999999999
Morbihan,56,01/01/2021,Volume de chaleur livrée par les réseaux de chaleur (TWh),0.0115599999999999
Morbihan,56,01/01/2022,Volume de chaleur livrée par les réseaux de chaleur (TWh),0.01116
Morbihan,56,01/01/2023,Volume de chaleur livrée par les réseaux de chaleur (TWh),0.023412
Morbihan,56,01/01/2024,Volume de chaleur livrée par les réseaux de chaleur (TWh),0.059669635
Côtes-d'Armor,22,01/01/2018,Surface en agriculture biologique (certifiées bio ou en conversion) (ha),31301.9581
Côtes-d'Armor,22,01/01/2019,Surface en agriculture biologique (certifiées bio ou en conversion) (ha),35634.6043
Côtes-d'Armor,22,01/01/2020,Surface en agriculture biologique (certifiées bio ou en conversion) (ha),38429.1033
Côtes-d'Armor,22,01/01/2021,Surface en agriculture biologique (certifiées bio ou en conversion) (ha),42201.8341
Côtes-d'Armor,22,01/01/2022,Surface en agriculture biologique (certifiées bio ou en conversion) (ha),43257.359606
Côtes-d'Armor,22,01/01/2023,Surface en agriculture biologique (certifiées bio ou en conversion) (ha),42443.883465
Côtes-d'Armor,22,01/01/2024,Surface en agriculture biologique (certifiées bio ou en conversion) (ha),42033.01694465979
Finistère,29,01/01/2018,Surface en agriculture biologique (certifiées bio ou en conversion) (ha),28632.1593
Finistère,29,01/01/2019,Surface en agriculture biologique (certifiées bio ou en conversion) (ha),31607.3276
Finistère,29,01/01/2020,Surface en agriculture biologique (certifiées bio ou en conversion) (ha),34533.5535
Finistère,29,01/01/2021,Surface en agriculture biologique (certifiées bio ou en conversion) (ha),36651.3857
Finistère,29,01/01/2022,Surface en agriculture biologique (certifiées bio ou en conversion) (ha),37868.196606
Finistère,29,01/01/2023,Surface en agriculture biologique (certifiées bio ou en conversion) (ha),37004.025107
Finistère,29,01/01/2024,Surface en agriculture biologique (certifiées bio ou en conversion) (ha),36954.425809109634
Ille-et-Vilaine,35,01/01/2018,Surface en agriculture biologique (certifiées bio ou en conversion) (ha),35662.120266
Ille-et-Vilaine,35,01/01/2019,Surface en agriculture biologique (certifiées bio ou en conversion) (ha),39084.728966
Ille-et-Vilaine,35,01/01/2020,Surface en agriculture biologique (certifiées bio ou en conversion) (ha),43037.684966
Ille-et-Vilaine,35,01/01/2021,Surface en agriculture biologique (certifiées bio ou en conversion) (ha),47004.346966
Ille-et-Vilaine,35,01/01/2022,Surface en agriculture biologique (certifiées bio ou en conversion) (ha),48474.226102
Ille-et-Vilaine,35,01/01/2023,Surface en agriculture biologique (certifiées bio ou en conversion) (ha),47522.206798
Ille-et-Vilaine,35,01/01/2024,Surface en agriculture biologique (certifiées bio ou en conversion) (ha),46817.19122325926
Morbihan,56,01/01/2018,Surface en agriculture biologique (certifiées bio ou en conversion) (ha),30174.2051
Morbihan,56,01/01/2019,Surface en agriculture biologique (certifiées bio ou en conversion) (ha),34364.5302
Morbihan,56,01/01/2020,Surface en agriculture biologique (certifiées bio ou en conversion) (ha),35655.6017
Morbihan,56,01/01/2021,Surface en agriculture biologique (certifiées bio ou en conversion) (ha),38095.2399
Morbihan,56,01/01/2022,Surface en agriculture biologique (certifiées bio ou en conversion) (ha),38328.48871
Morbihan,56,01/01/2023,Surface en agriculture biologique (certifiées bio ou en conversion) (ha),38747.025579
Morbihan,56,01/01/2024,Surface en agriculture biologique (certifiées bio ou en conversion) (ha),40002.06983448807
Côtes-d'Armor,22,01/01/2012,Nombre de ménages du territoire,267624.43136
Côtes-d'Armor,22,01/01/2017,Nombre de ménages du territoire,275672.99127
Côtes-d'Armor,22,01/01/2023,Nombre de ménages du territoire,290983.13698
Finistère,29,01/01/2012,Nombre de ménages du territoire,411887.5556
Finistère,29,01/01/2017,Nombre de ménages du territoire,425768.77902
Finistère,29,01/01/2023,Nombre de ménages du territoire,451889.76302
Ille-et-Vilaine,35,01/01/2012,Nombre de ménages du territoire,439288.33398
Ille-et-Vilaine,35,01/01/2017,Nombre de ménages du territoire,470963.15344
Ille-et-Vilaine,35,01/01/2023,Nombre de ménages du territoire,513721.74008
Morbihan,56,01/01/2012,Nombre de ménages du territoire,329039.63453
Morbihan,56,01/01/2017,Nombre de ménages du territoire,345992.19239
Morbihan,56,01/01/2023,Nombre de ménages du territoire,373979.98414
